anio,region,sexo,grupo_etario,fuente,poblacion_edad_trabajar,fuerza_trabajo,ocupados,desocupados,tasa_desocupacion,tasa_ocupacion,tasa_participacion
2010,Chile,Ambos,Total,Indicadores principales,13296.160000000304,8000.069096489514,7337.399869936192,662.6692265533225,8.28329378860123,55.184353000686095,60.16826735305029
2011,Chile,Ambos,Total,Indicadores principales,13505.226000013396,8305.64106264665,7698.576801944122,607.0642607025272,7.309059663470239,57.0044277817823,61.49946000635911
2012,Chile,Ambos,Total,Indicadores principales,13711.386000005756,8430.674447253492,7874.555778089455,556.1186691640376,6.5963722433287355,57.4307789021923,61.48666843198749
2013,Chile,Ambos,Total,Indicadores principales,13899.476001125446,8560.860201364663,8039.630943542931,521.2292578217315,6.088515003885285,57.84125202196082,61.59124416396335
2014,Chile,Ambos,Total,Indicadores principales,14088.688004512213,8719.712814301036,8153.126288807916,566.5865254931202,6.497765896187227,57.87001803288353,61.89158856742626
2015,Chile,Ambos,Total,Indicadores principales,14275.667000000361,8853.653914554985,8293.054375921827,560.599538633158,6.331843824520394,58.09223748299548,62.01919612270839
2016,Chile,Ambos,Total,Indicadores principales,14474.396000001954,8991.439305488073,8389.930360006461,601.5089454816114,6.689795983102178,57.96394101698839,62.11961663538056
2017,Chile,Ambos,Total,Indicadores principales,14729.490000541851,9235.345143233524,8592.194129202913,643.151014030611,6.964017089299901,58.33327650099789,62.69969389906769
2018,Chile,Ambos,Total,Indicadores principales,15055.265000503541,9483.20541054352,8783.603283189714,699.602127353806,7.37727484607664,58.34240236153887,62.989295839205376
2019,Chile,Ambos,Total,Indicadores principales,15393.044000005957,9674.462196580193,8975.909918738656,698.5522778415373,7.220579952118343,58.31146795094708,62.849571511498624
2020,Chile,Ambos,Total,Indicadores principales,15720.27200000008,8853.973502977073,7922.464075219924,931.5094277571502,10.520806589763772,50.39648216786505,56.32201213170502
2021,Chile,Ambos,Total,Indicadores principales,15932.698005127524,9117.236708594619,8313.958178332652,803.2785302619661,8.810548151116151,52.18173454148833,57.22343262679348
2022,Chile,Ambos,Total,Indicadores principales,16089.197000000062,9621.130854926894,8862.69622366622,758.434631260673,7.883009208551462,55.084764166081044,59.79870129582512
2023,Chile,Ambos,Total,Indicadores principales,16238.022000498016,9936.992809460993,9074.388776409365,862.6040330516279,8.68073520421937,55.883584688646536,61.195832898589664
2024,Chile,Ambos,Total,Indicadores principales,16388.35200000032,10159.287600556872,9298.541154514776,860.7464460420964,8.472507914776576,56.73872000378437,61.9909042749184
2025,Chile,Ambos,Total,Indicadores principales,16537.1660000189,10270.115720394768,9391.484962075603,878.6307583191656,8.55521770387016,56.79017167793362,62.10323897324989
2010,Chile,Hombres,Total,Indicadores principales,6478.924000000305,4808.368056235314,4459.6063529010835,348.7617033342297,7.25322394740495,68.83251528958935,74.21553418800849
2011,Chile,Hombres,Total,Indicadores principales,6582.4040000133955,4925.412691237452,4618.374617235083,307.0380740023697,6.233753255815604,70.16243027966203,74.82695822419026
2012,Chile,Hombres,Total,Indicadores principales,6684.342000005756,4980.457764478288,4702.972522815973,277.4852416623137,5.571480670740731,70.35804755070767,74.50931990723993
2013,Chile,Hombres,Total,Indicadores principales,6777.402001065268,5029.46248370496,4758.132741629836,271.3297420751243,5.394805964935817,70.2058508685475,74.20929853230533
2014,Chile,Hombres,Total,Indicadores principales,6871.179004507376,5094.453619791495,4784.237720805375,310.2158989861199,6.089286941016776,69.62761001666522,74.14235048234983
2015,Chile,Hombres,Total,Indicadores principales,6963.942000000362,5179.327554874515,4877.070802660578,302.2567522139374,5.835830018695553,70.03319100963684,74.37350217555296
2016,Chile,Hombres,Total,Indicadores principales,7063.599000001934,5234.751047760905,4905.112345327265,329.6387024336399,6.297122813025435,69.44211223380492,74.10883669584686
2017,Chile,Hombres,Total,Indicadores principales,7195.818000313497,5344.908057912761,4995.416025190891,349.49203272187003,6.538784744940029,69.42110021366936,74.27797725956803
2018,Chile,Hombres,Total,Indicadores principales,7362.719000354889,5460.3365341796725,5092.879049852966,367.45748432670626,6.7295757693057805,69.17117235640102,74.16195747680278
2019,Chile,Hombres,Total,Indicadores principales,7532.961000005685,5542.8783364492865,5173.233472811922,369.64486363736455,6.668825133805037,68.67463501812924,73.58166777240854
2020,Chile,Hombres,Total,Indicadores principales,7695.859000000081,5199.033855784593,4664.358997295831,534.6748584887616,10.284119575291228,60.60868575289362,67.55625143060102
2021,Chile,Hombres,Total,Indicadores principales,7801.312005092226,5343.163357753002,4883.980773735796,459.1825840172059,8.593833900865596,62.6046076678875,68.49057381970248
2022,Chile,Hombres,Total,Indicadores principales,7878.851000000061,5530.469107136355,5119.523716472925,410.9453906634304,7.430570222933865,64.97804967339636,70.19385322982136
2023,Chile,Hombres,Total,Indicadores principales,7952.599000498017,5647.105356364398,5174.479539295862,472.6258170685356,8.369346545586883,65.06652151041213,71.00955745424558
2024,Chile,Hombres,Total,Indicadores principales,8027.132000000319,5761.924476454697,5308.551240803664,453.37323565103236,7.868434192493829,66.13260179106875,71.78061201004877
2025,Chile,Hombres,Total,Indicadores principales,8100.8760000189,5803.981913073325,5338.64147466862,465.3404384047056,8.017606625488234,65.90202682594035,71.64634927210074
2010,Chile,Mujeres,Total,Indicadores principales,6817.235999999999,3191.7010402542014,2877.793517035108,313.90752321909275,9.835116737440163,42.21349410575061,46.81810986526214
2011,Chile,Mujeres,Total,Indicadores principales,6922.822,3380.228371409197,3080.202184709039,300.02618670015755,8.875914693748294,44.49344768230411,48.827318850740305
2012,Chile,Mujeres,Total,Indicadores principales,7027.044,3450.216682775205,3171.5832552734814,278.6334275017238,8.075824016873142,45.133960386095225,49.099118815467854
2013,Chile,Mujeres,Total,Indicadores principales,7122.074000060177,3531.397717659703,3281.4982019130957,249.89951574660722,7.076504424775424,46.07503659587599,49.58383916861668
2014,Chile,Mujeres,Total,Indicadores principales,7217.509000004838,3625.259194509542,3368.888568002542,256.37062650700034,7.071787498540074,46.676610559131746,50.2286757731388
2015,Chile,Mujeres,Total,Indicadores principales,7311.724999999999,3674.3263596804695,3415.9835732612487,258.3427864192206,7.031024496193281,46.719256717959844,50.25252398962584
2016,Chile,Mujeres,Total,Indicadores principales,7410.79700000002,3756.6882577271676,3484.818014679196,271.8702430479714,7.236965763362424,47.023525468032474,50.69209503009133
2017,Chile,Mujeres,Total,Indicadores principales,7533.672000228355,3890.437085320764,3596.7781040120226,293.65898130874103,7.5482259414183295,47.7426957784066,51.640648613356674
2018,Chile,Mujeres,Total,Indicadores principales,7692.546000148652,4022.868876363848,3690.724233336748,332.14464302709973,8.256412357325338,47.97792867622017,52.2956752716995
2019,Chile,Mujeres,Total,Indicadores principales,7860.0830000002725,4131.583860130905,3802.676445926732,328.9074142041727,7.960806928744068,48.37959657584532,52.56412508787454
2020,Chile,Mujeres,Total,Indicadores principales,8024.413,3654.939647192482,3258.105077924093,396.83456926838863,10.857486239840226,40.60241014419489,45.54775093446065
2021,Chile,Mujeres,Total,Indicadores principales,8131.386000035299,3774.0733508416165,3429.9774045968556,344.0959462447603,9.117362442572217,42.18195280093659,46.41365384480866
2022,Chile,Mujeres,Total,Indicadores principales,8210.346,4090.6617477905384,3743.1725071932956,347.48924059724254,8.494695040110065,45.590922808774394,49.82325650819756
2023,Chile,Mujeres,Total,Indicadores principales,8285.423,4289.887453096596,3899.909237113504,389.9782159830923,9.090639795260643,47.0695248403552,51.77632394986467
2024,Chile,Mujeres,Total,Indicadores principales,8361.22,4397.363124102176,3989.989913711112,407.373210391064,9.26403389700137,47.7201881269852,52.59236240766511
2025,Chile,Mujeres,Total,Indicadores principales,8436.29,4466.133807321444,4052.843487406984,413.2903199144599,9.25387231428093,48.0405899679478,52.93954815827152
2010,Arica y Parinacota,Ambos,Total,Indicadores principales,164.85199999999998,104.62744020630068,96.73420172885076,7.89323847744991,7.544138002312111,58.67942259047556,63.46749824466836
2011,Arica y Parinacota,Ambos,Total,Indicadores principales,167.91800000000003,104.16166630140786,95.64433166650369,8.517334634904179,8.177033775801892,56.95895119433513,62.031269013094395
2012,Arica y Parinacota,Ambos,Total,Indicadores principales,171.115,103.31728705840665,96.6531219763588,6.664165082047853,6.4501936430836695,56.48430703115379,60.37886044964302
2013,Arica y Parinacota,Ambos,Total,Indicadores principales,173.81000013431947,104.72564918334193,98.61800156915125,6.107647614190679,5.832045598970788,56.738968697393574,60.252948105638616
2014,Arica y Parinacota,Ambos,Total,Indicadores principales,176.52300002042844,103.81033077502224,96.73543847292072,7.074892302101497,6.815210248616012,54.80047272124643,58.808388007799884
2015,Arica y Parinacota,Ambos,Total,Indicadores principales,179.274,107.45903412685166,101.39380451172343,6.065229615128231,5.644224949917601,56.558008697147066,59.94122635008515
2016,Arica y Parinacota,Ambos,Total,Indicadores principales,182.1470000000001,109.7296817743837,103.23238239203924,6.497299382344447,5.921186753920975,56.675313012039275,60.24237663776161
2017,Arica y Parinacota,Ambos,Total,Indicadores principales,185.3180000107222,111.03533821038424,103.6947270286412,7.340611181743063,6.611058515293966,55.955021650698576,59.91611079547584
2018,Arica y Parinacota,Ambos,Total,Indicadores principales,190.0030000051953,115.17912055341274,106.44884532593586,8.730275227476875,7.579737703786623,56.024823462274384,60.619632611202654
2019,Arica y Parinacota,Ambos,Total,Indicadores principales,194.84500000000116,120.17232792919529,112.38186316301609,7.790464766179194,6.482744322610845,57.677570973345695,61.67585923641591
2020,Arica y Parinacota,Ambos,Total,Indicadores principales,199.566,105.43803231895414,97.7023086744515,7.735723644502637,7.336748869802287,48.957391877600145,52.83366521298925
2021,Arica y Parinacota,Ambos,Total,Indicadores principales,202.79700000176945,110.87934797872842,104.53958067164648,6.339767307081951,5.71771698035075,51.548879258931024,54.675043505456664
2022,Arica y Parinacota,Ambos,Total,Indicadores principales,205.219,118.6073682238886,110.83772184132405,7.7696463825645505,6.550728254840135,54.0094834500334,57.79551027141181
2023,Arica y Parinacota,Ambos,Total,Indicadores principales,207.687,122.65661858248454,112.95812401719836,9.698494565286191,7.907029133339523,54.38863482894853,59.0583996988182
2024,Arica y Parinacota,Ambos,Total,Indicadores principales,210.236,124.6900001396747,115.26645074421461,9.423549395460077,7.557582312057138,54.82717077199653,59.30953791913597
2025,Arica y Parinacota,Ambos,Total,Indicadores principales,212.80000000000004,126.34297141062537,117.76534430047548,8.57762711014988,6.7891605004855125,55.34085728405802,59.37169709145928
2010,Tarapacá,Ambos,Total,Indicadores principales,220.08199999999994,145.17869705261847,136.92763282861793,8.251064224000562,5.6833849535170105,62.21664326415517,65.96572961560624
2011,Tarapacá,Ambos,Total,Indicadores principales,225.94700000000003,152.66626196264136,144.02110930369224,8.645152658949117,5.662778761862038,63.74110269385839,67.56728877242952
2012,Tarapacá,Ambos,Total,Indicadores principales,231.92,151.23270106511814,144.44763122221212,6.78506984290598,4.486509726480683,62.28338703958784,65.20899494011648
2013,Tarapacá,Ambos,Total,Indicadores principales,237.55400001064555,152.70110778293093,143.3010677774875,9.40004000544342,6.155842706004368,60.32357601684911,64.28058789836749
2014,Tarapacá,Ambos,Total,Indicadores principales,243.40400001305477,156.33372604818354,146.97632398464796,9.357402063535597,5.985529994117557,60.38369294537683,64.22808418916645
2015,Tarapacá,Ambos,Total,Indicadores principales,249.04200000000006,163.89044345367336,152.564220867968,11.326222585705368,6.910849923294602,61.26043834693263,65.80835499782098
2016,Tarapacá,Ambos,Total,Indicadores principales,254.49000000188929,171.0536421296371,158.57770491450086,12.475937215136263,7.293581744188221,62.31195917848387,67.21428823465253
2017,Tarapacá,Ambos,Total,Indicadores principales,260.90900017189637,174.4487727093301,161.71096826039138,12.737804448938691,7.301744948451239,61.97983517389216,66.86192220061281
2018,Tarapacá,Ambos,Total,Indicadores principales,272.07700029777584,174.1981220346024,159.7646403927919,14.433481641810458,8.28567005960226,58.720377032213975,64.025302338658
2019,Tarapacá,Ambos,Total,Indicadores principales,283.8000000059114,182.2905011066307,169.76602615877493,12.524474947855767,6.870613044466636,59.818895755898104,64.23202998690405
2020,Tarapacá,Ambos,Total,Indicadores principales,295.36200000003964,168.01768745231897,151.41842295080318,16.599264501515773,9.879474448918604,51.26537027470795,56.885343223670084
2021,Tarapacá,Ambos,Total,Indicadores principales,302.4620031891459,181.49988175949068,165.56829392464215,15.93158783484852,8.777740062640813,54.74019618295767,60.00749841162328
2022,Tarapacá,Ambos,Total,Indicadores principales,307.4340000000416,203.2320573739202,185.28699837293206,17.945059000988174,8.82983680471808,60.26887018771736,66.10591456178977
2023,Tarapacá,Ambos,Total,Indicadores principales,312.0800004979447,203.8015951506422,190.05537768046176,13.746217470180428,6.74490180512069,60.89956978249666,65.30427929552134
2024,Tarapacá,Ambos,Total,Indicadores principales,316.86500000031907,207.95533040011975,193.37119052022507,14.584139879894666,7.0131118311965475,61.026364704221145,65.62899985795538
2025,Tarapacá,Ambos,Total,Indicadores principales,321.6980000152554,207.48673645303757,188.57878537577167,18.907951077265892,9.112848079108664,58.619819012498986,64.49736599021388
2010,Antofagasta,Ambos,Total,Indicadores principales,425.11400000030574,269.85633044894627,249.12311451995234,20.733215928993957,7.683057089860059,58.6014844300054,63.47857996884416
2011,Antofagasta,Ambos,Total,Indicadores principales,432.85600001339554,273.5519687763747,256.1543534566103,17.397615319764416,6.359894025835635,59.17772964881696,63.19699132457656
2012,Antofagasta,Ambos,Total,Indicadores principales,440.51800000575554,267.28234209126566,253.23685087078812,14.045491220477524,5.254926723023694,57.486152862647955,60.67455633771458
2013,Antofagasta,Ambos,Total,Indicadores principales,448.7860009001401,275.69044872885803,259.58695413272375,16.10349459613428,5.841150707390697,57.84203464726271,61.430269254366124
2014,Antofagasta,Ambos,Total,Indicadores principales,457.8770000022728,283.64710583619296,264.9220028533032,18.7251029828898,6.6015491071865915,57.858770554534985,61.94831927237774
2015,Antofagasta,Ambos,Total,Indicadores principales,466.004,290.822734715874,270.67538488324504,20.14734983262893,6.9277079910249615,58.08434796337478,62.4077764817199
2016,Antofagasta,Ambos,Total,Indicadores principales,474.3870000000001,303.2161066968906,278.6846949546366,24.531411742253965,8.090405225991752,58.74627571047195,63.91745699120982
2017,Antofagasta,Ambos,Total,Indicadores principales,484.69300003129473,305.08016369934205,278.43100347454543,26.6491602247966,8.735133710974234,57.44481629744359,62.94296878222797
2018,Antofagasta,Ambos,Total,Indicadores principales,504.4830000168211,327.761434948176,299.36432693141666,28.39710801675935,8.663956460054356,59.340815631336405,64.96976804713881
2019,Antofagasta,Ambos,Total,Indicadores principales,525.2810000000054,342.14717968584137,315.0233271893161,27.123852496525313,7.927539406120594,59.972343791097124,65.13602808512736
2020,Antofagasta,Ambos,Total,Indicadores principales,545.6740000000407,325.6066026679714,289.05558669926666,36.55101596870477,11.22551436893824,52.97221174167087,59.67053637665477
2021,Antofagasta,Ambos,Total,Indicadores principales,556.7320018754702,342.49203053862965,310.3897632228398,32.10226731578983,9.373142862712253,55.75209655224162,61.51829414958585
2022,Antofagasta,Ambos,Total,Indicadores principales,563.2960000000191,357.5738526101722,327.8775842759072,29.696268334265014,8.30493284603781,58.206978973025926,63.47885527505256
2023,Antofagasta,Ambos,Total,Indicadores principales,569.0320000000717,367.11414300821343,337.1236215453601,29.990521462853373,8.16926343864186,59.245107752343905,64.51555325678822
2024,Antofagasta,Ambos,Total,Indicadores principales,574.6409999999998,375.8803571327713,344.3701947429332,31.51016238983808,8.383029810389326,59.92788449535158,65.41133631828765
2025,Antofagasta,Ambos,Total,Indicadores principales,580.094000003646,382.30315486099886,356.30324729684855,25.99990756415034,6.800861367101094,61.42163981951359,65.9036561072164
2010,Atacama,Ambos,Total,Indicadores principales,215.58799999999997,132.27694830726696,122.42346117045842,9.853487136808543,7.449134004754793,56.78584205542908,61.3563594946226
2011,Atacama,Ambos,Total,Indicadores principales,218.49300000000002,133.46998590196475,125.39324666211887,8.076739239845864,6.051352433481429,57.39005215824711,61.08661874841058
2012,Atacama,Ambos,Total,Indicadores principales,221.2,134.76061200025617,128.06463778824786,6.695974212008324,4.968791780194347,57.89540587172145,60.92251898745757
2013,Atacama,Ambos,Total,Indicadores principales,223.8700000006595,139.6771603795888,131.74736200198257,7.929798377606243,5.677233383078593,58.849940591233505,62.39208486138265
2014,Atacama,Ambos,Total,Indicadores principales,226.51400000005822,143.52349701232154,133.2125246059115,10.310972406410048,7.184170272498898,58.809841601789415,63.36186593865486
2015,Atacama,Ambos,Total,Indicadores principales,229.04799999999992,138.31766881632964,130.01156096873382,8.306107847595845,6.005095313329366,56.76170975897361,60.38807097915271
2016,Atacama,Ambos,Total,Indicadores principales,231.54500000000002,142.95619448762534,131.25185361098485,11.70434087664045,8.187361812889899,56.68524632835295,61.74013452574027
2017,Atacama,Ambos,Total,Indicadores principales,234.07400000622698,148.69540553053784,137.67377290316514,11.021632627372682,7.41222137163421,58.81634564261843,63.524956008177824
2018,Atacama,Ambos,Total,Indicadores principales,237.46100000212596,156.21546416820252,142.71821629722737,13.49724787097516,8.640148363571875,60.10174988564423,65.78573499092649
2019,Atacama,Ambos,Total,Indicadores principales,240.78900000000044,159.78467841448935,145.9793705303122,13.80530788417716,8.639944718833123,60.625431614530534,66.35879480146065
2020,Atacama,Ambos,Total,Indicadores principales,244.06900000000002,142.93444676203336,127.8868595265272,15.04758723550617,10.527614285000437,52.39782992781844,58.56313041067622
2021,Atacama,Ambos,Total,Indicadores principales,246.39100000063289,146.43585687027556,132.9679453646439,13.467911505631621,9.197140504707505,53.966234709994424,59.432307539601446
2022,Atacama,Ambos,Total,Indicadores principales,248.32000000000002,154.68518175194458,142.39480138551113,12.290380366433462,7.945415473695791,57.34326731053121,62.29267950706531
2023,Atacama,Ambos,Total,Indicadores principales,250.215,162.85045753607898,147.86100639661822,14.989451139460765,9.204426789000516,59.09358207806016,65.08421059332133
2024,Atacama,Ambos,Total,Indicadores principales,252.24999999999997,167.36571978576146,152.2290409063357,15.136678879425737,9.04407360049694,60.348480042154904,66.34914560386976
2025,Atacama,Ambos,Total,Indicadores principales,254.395,167.503001579322,152.0743497830136,15.428651796308392,9.210970341329714,59.7788281149447,65.84366893190588
2010,Coquimbo,Ambos,Total,Indicadores principales,544.977,316.92683481812037,290.087753582181,26.839081235939318,8.468541722363735,53.22935712556328,58.15416702321756
2011,Coquimbo,Ambos,Total,Indicadores principales,556.1870000000001,332.94494471629554,307.3146984871734,25.630246229122097,7.6980433659870675,55.25384420836398,59.86205084194622
2012,Coquimbo,Ambos,Total,Indicadores principales,567.4,342.7653504263568,321.1632744398891,21.602075986467703,6.302292795814235,56.602621508616345,60.4098255950576
2013,Coquimbo,Ambos,Total,Indicadores principales,578.475000000705,340.93669072724214,317.4593427816855,23.47734794555663,6.8861312331851945,54.8786624800205,58.93715212011351
2014,Coquimbo,Ambos,Total,Indicadores principales,589.6310000000813,364.7461619105664,338.0754025929878,26.670759317578607,7.312142553570753,57.336775473633715,61.860072131641
2015,Coquimbo,Ambos,Total,Indicadores principales,600.857,375.52210283690243,346.1308811060599,29.391221730842464,7.826762128994501,57.606199329634165,62.49774952058517
2016,Coquimbo,Ambos,Total,Indicadores principales,612.2810000000001,382.4513884396804,352.51165450643833,29.93973393324204,7.82837632133844,57.57350865149144,62.463376854692584
2017,Coquimbo,Ambos,Total,Indicadores principales,624.7290000055996,376.5851442181657,346.4481478371401,30.136996381025604,8.002704526115467,55.455749266327445,60.27976037846654
2018,Coquimbo,Ambos,Total,Indicadores principales,638.2610000043179,388.87958120333434,359.93536687379896,28.9442143295354,7.442976111003698,56.393131786426544,60.927987328178205
2019,Coquimbo,Ambos,Total,Indicadores principales,651.8850000000014,406.93745281842087,378.8562086234434,28.081244194977483,6.900629077144095,58.11703116706821,62.424730254327066
2020,Coquimbo,Ambos,Total,Indicadores principales,665.3,367.6415558245526,322.1019930437197,45.539562780832945,12.386946486149004,48.41454878156015,55.25951538021232
2021,Coquimbo,Ambos,Total,Indicadores principales,676.7770000012148,365.52595198487796,330.61378928318686,34.91216270169114,9.551213125117714,48.8512152869547,54.00980706853541
2022,Coquimbo,Ambos,Total,Indicadores principales,687.073,387.881344722742,354.2333447514147,33.64799997132735,8.674817809394513,51.55687164994326,56.45416785738081
2023,Coquimbo,Ambos,Total,Indicadores principales,697.641,406.8163459604573,367.48682097933425,39.32952498112302,9.667636360153992,52.675634169914645,58.313136120219035
2024,Coquimbo,Ambos,Total,Indicadores principales,708.71,413.63936358650534,379.6711041195815,33.96825946692387,8.212047125398888,53.57213869136622,58.36510894251603
2025,Coquimbo,Ambos,Total,Indicadores principales,719.959,424.9841281759043,389.9783388286226,35.00578934728167,8.236963930284121,54.16674266571049,59.0289347276587
2010,Valparaíso,Ambos,Total,Indicadores principales,1380.465,815.1154057731853,733.6009139919696,81.5144917812157,10.000362059639196,53.14158011916055,59.04643766942193
2011,Valparaíso,Ambos,Total,Indicadores principales,1402.186,852.2840466809082,778.3578614759093,73.92618520499886,8.6738905289725,55.51031471401864,60.78252433563793
2012,Valparaíso,Ambos,Total,Indicadores principales,1423.589,857.6711725345214,793.951711785942,63.71946074857924,7.429357869203016,55.771132804899594,60.247105908694245
2013,Valparaíso,Ambos,Total,Indicadores principales,1443.5160000063772,862.0708842098405,801.5888951437993,60.48198906604134,7.015895116499394,55.53030899139725,59.720216762823
2014,Valparaíso,Ambos,Total,Indicadores principales,1463.207000000418,886.6642334988204,821.7276450635742,64.9365884352462,7.323695484930439,56.15935715611936,60.59732037220756
2015,Valparaíso,Ambos,Total,Indicadores principales,1482.686,898.2868142358916,834.7536468030611,63.533167432830425,7.07270399898651,56.30009636585637,60.585101244355954
2016,Valparaíso,Ambos,Total,Indicadores principales,1502.3360000000002,909.5953351586529,842.4119125548458,67.18342260380707,7.386078183007486,56.07346908779698,60.545399641535106
2017,Valparaíso,Ambos,Total,Indicadores principales,1525.1220000218539,937.9454253660862,868.2858395739199,69.65958579216621,7.426827180800805,56.932221786944126,61.49969808006481
2018,Valparaíso,Ambos,Total,Indicadores principales,1550.431000011759,950.8648603424207,877.7242975445432,73.14056279787748,7.6920039690538635,56.61163234854607,61.32906658440195
2019,Valparaíso,Ambos,Total,Indicadores principales,1575.441000000003,955.351645978506,879.3290157528847,76.02263022562119,7.9575547439138,55.814785558639336,60.64026808864973
2020,Valparaíso,Ambos,Total,Indicadores principales,1599.7760000000003,861.0173192898214,760.3198860293201,100.69743326050136,11.695169307808808,47.52664660735753,53.82111741205152
2021,Valparaíso,Ambos,Total,Indicadores principales,1619.2700000044288,896.4309953176324,814.9532764038161,81.47771891381639,9.089123350196788,50.32843666600303,55.36019288415031
2022,Valparaíso,Ambos,Total,Indicadores principales,1636.427,955.7909050623808,878.1304356401959,77.66046942218499,8.125257209589831,53.66144873191385,58.40718254235483
2023,Valparaíso,Ambos,Total,Indicadores principales,1653.596,984.4605154534692,901.1321386961788,83.32837675729026,8.464369616582028,54.49530228037433,59.534524482005835
2024,Valparaíso,Ambos,Total,Indicadores principales,1671.0739999999998,988.8455414714056,905.2465406988873,83.59900077251824,8.454202124239004,54.171541218335484,59.17425209604157
2025,Valparaíso,Ambos,Total,Indicadores principales,1688.569,1003.7349249390647,918.8207531429821,84.91417179608266,8.459820385470563,54.414166856254155,59.44293214781658
2010,Región Metropolitana,Ambos,Total,Indicadores principales,5427.924999999998,3406.6074334369773,3126.78061454578,279.82681889119783,8.214237312600366,57.60544986428112,62.760768312697365
2011,Región Metropolitana,Ambos,Total,Indicadores principales,5516.478,3569.4787663364036,3312.492602877587,256.98616345881686,7.199543134489046,60.04723671294596,64.7057554899413
2012,Región Metropolitana,Ambos,Total,Indicadores principales,5603.667,3589.785071299308,3353.72684299025,236.0582283090576,6.57583180108377,59.84878906955482,64.06135609591554
2013,Región Metropolitana,Ambos,Total,Indicadores principales,5678.193000061908,3637.398118043778,3425.3601481827254,212.0379698610526,5.829385813150647,60.324827777875456,64.0590786189219
2014,Región Metropolitana,Ambos,Total,Indicadores principales,5753.634000004492,3688.330531950597,3452.962167075179,235.36836487541837,6.3814336279385,60.01358736187397,64.10436485789187
2015,Región Metropolitana,Ambos,Total,Indicadores principales,5830.0509999999995,3756.5353959903987,3526.898494120299,229.6369018700996,6.112997154644314,60.49515680257856,64.43400574009385
2016,Región Metropolitana,Ambos,Total,Indicadores principales,5917.673,3814.886029672902,3551.4186097862857,263.4674198866164,6.906298584998797,60.01376909109857,64.46598231556393
2017,Región Metropolitana,Ambos,Total,Indicadores principales,6050.659000249678,3981.8566614231845,3702.4511350921302,279.40552633105375,7.016965955554748,61.190874166588316,65.80864433541662
2018,Región Metropolitana,Ambos,Total,Indicadores principales,6232.309000138773,4128.238894767147,3808.378924979178,319.85996978796885,7.748097383448798,61.107029912900316,66.23931667501122
2019,Región Metropolitana,Ambos,Total,Indicadores principales,6425.880000000028,4221.139878256048,3899.201375548212,321.93850270783554,7.626814367517324,60.67964816567062,65.68967796248964
2020,Región Metropolitana,Ambos,Total,Indicadores principales,6612.902,3960.360897193648,3515.9413214481356,444.4195757455123,11.221693862810143,53.16790300911968,59.888395400289426
2021,Región Metropolitana,Ambos,Total,Indicadores principales,6717.592000046508,4163.269989855053,3752.719531424082,410.550458430971,9.861249917285923,55.86405860013679,61.97563040187957
2022,Región Metropolitana,Ambos,Total,Indicadores principales,6781.391,4342.729191839924,3970.7636696947034,371.96552214522023,8.565247928518108,58.55382280264777,64.03891460970064
2023,Región Metropolitana,Ambos,Total,Indicadores principales,6837.956000000001,4477.523476326375,4051.6049644830364,425.9185118433394,9.512368033250114,59.2516969176613,65.4804370827536
2024,Región Metropolitana,Ambos,Total,Indicadores principales,6893.479,4531.39663452654,4127.3519680352065,404.0446664913332,8.916559265917131,59.873279776948706,65.73453889576713
2025,Región Metropolitana,Ambos,Total,Indicadores principales,6948.607,4579.117438447359,4163.0903504934595,416.02708795389896,9.085311603079592,59.91258896198129,65.8997902521665
2010,Libertador General Bernardo O'Higgins,Ambos,Total,Indicadores principales,680.156,400.2451269226964,372.5125584115166,27.732568511179746,6.928895980421528,54.76869400718609,58.846077506145114
2011,Libertador General Bernardo O'Higgins,Ambos,Total,Indicadores principales,691.407,407.842379010613,383.127495640894,24.714883369719004,6.059910554090767,55.4127302212581,58.987308345245715
2012,Libertador General Bernardo O'Higgins,Ambos,Total,Indicadores principales,702.656,429.4073502583005,404.0800383718056,25.327311886494897,5.89820175906626,57.50751980653486,61.112030674796834
2013,Libertador General Bernardo O'Higgins,Ambos,Total,Indicadores principales,713.6910000017551,442.6049167378899,420.7444449715058,21.86047176638411,4.939048559944004,58.953306819123554,62.01632313379339
2014,Libertador General Bernardo O'Higgins,Ambos,Total,Indicadores principales,724.6720000002238,444.62291791658095,420.5761656558249,24.046752260755994,5.408347453935694,58.03676223942627,61.35505689697458
2015,Libertador General Bernardo O'Higgins,Ambos,Total,Indicadores principales,735.443,446.4109067992453,420.7800094467585,25.63089735248679,5.741548192955155,57.21449649350916,60.69959287113282
2016,Libertador General Bernardo O'Higgins,Ambos,Total,Indicadores principales,746.3720000000001,459.90044921681346,430.2101648735376,29.69028434327579,6.4558067716256415,57.64018008091642,61.618127316782164
2017,Libertador General Bernardo O'Higgins,Ambos,Total,Indicadores principales,758.7950000109762,466.306296649292,434.59791759116075,31.70837905813128,6.799903686906267,57.274747143151195,61.453527849095835
2018,Libertador General Bernardo O'Higgins,Ambos,Total,Indicadores principales,771.4980000065126,472.38483356409216,436.2557412259883,36.12909233810386,7.648232917537548,56.54658096616008,61.22956035661849
2019,Libertador General Bernardo O'Higgins,Ambos,Total,Indicadores principales,784.1870000000011,480.7126112335946,443.62322831272076,37.08938292087381,7.715500291472657,56.571102085691315,61.300762603000805
2020,Libertador General Bernardo O'Higgins,Ambos,Total,Indicadores principales,796.4930000000002,445.03871179697126,397.1284164354209,47.91029536155043,10.765421993987644,49.85962418193516,55.87478004162889
2021,Libertador General Bernardo O'Higgins,Ambos,Total,Indicadores principales,806.6430000018988,438.34446267622826,399.7831198943131,38.56134278191517,8.797041154914167,49.56134496839023,54.341816971720625
2022,Libertador General Bernardo O'Higgins,Ambos,Total,Indicadores principales,815.919,461.0099682353092,428.90974794250866,32.10022029280048,6.963020868220328,52.56768722661301,56.50192828397294
2023,Libertador General Bernardo O'Higgins,Ambos,Total,Indicadores principales,825.4469999999999,470.9261231707518,430.27773585864094,40.648387312110884,8.63158472467502,52.12663391576212,57.051043031321434
2024,Libertador General Bernardo O'Higgins,Ambos,Total,Indicadores principales,835.069,493.38641369863586,450.57214408829566,42.81426961034023,8.67763449126743,53.95627715653385,59.083310923844124
2025,Libertador General Bernardo O'Higgins,Ambos,Total,Indicadores principales,844.658,500.0865582531433,458.8043806058391,41.28217764730424,8.255006451584576,54.318360875743686,59.205803799069365
2010,Maule,Ambos,Total,Indicadores principales,788.3849999999999,434.3611101754502,402.6735687816246,31.68754139382561,7.295206834015631,51.07575217458788,55.095050029547785
2011,Maule,Ambos,Total,Indicadores principales,800.3890000000001,460.31230074826044,428.4527411791762,31.859559569084258,6.921292243829888,53.53056341093845,57.511072834366836
2012,Maule,Ambos,Total,Indicadores principales,812.185,468.2853539630695,437.88254121040023,30.402812752669252,6.492368914673961,53.9141379378344,57.65747384685379
2013,Maule,Ambos,Total,Indicadores principales,823.6930000005773,482.5846624770815,453.4219322727457,29.162730204335777,6.043028813772287,55.047442708925274,58.58792808446148
2014,Maule,Ambos,Total,Indicadores principales,835.3980000000848,499.45427907966825,468.2704021428629,31.183876936805365,6.2435899026167325,56.05356993227364,59.7863867377726
2015,Maule,Ambos,Total,Indicadores principales,847.1539999999999,517.3805329718382,485.9198789490432,31.46065402279499,6.080757202456908,57.3590963330213,61.07278404774554
2016,Maule,Ambos,Total,Indicadores principales,859.1040000000002,513.344717126468,487.13302135441177,26.211695772056288,5.106061267909912,56.70245061766814,59.75350098782779
2017,Maule,Ambos,Total,Indicadores principales,871.961000007039,517.6988483432598,488.3552470139412,29.34360132931854,5.6680831767781505,56.00654696827024,59.37178937350186
2018,Maule,Ambos,Total,Indicadores principales,885.156000006662,537.4561189801652,503.17562295805067,34.280496022114534,6.378287419475756,56.84598228496035,60.71880199378642
2019,Maule,Ambos,Total,Indicadores principales,898.2620000000011,543.4217627994406,507.72432551083483,35.697437288605705,6.569011352197257,56.522966073465675,60.4970223386317
2020,Maule,Ambos,Total,Indicadores principales,910.9050000000001,501.2357322894571,458.31713368149553,42.91859860796151,8.562557663621751,50.31448215582256,55.026125917571754
2021,Maule,Ambos,Total,Indicadores principales,921.8210000020537,489.7554654197321,455.7895572182828,33.965908201449224,6.935279052442963,49.444475360972184,53.12912869403507
2022,Maule,Ambos,Total,Indicadores principales,932.1249999999999,524.448404238662,489.91106494376777,34.53733929489419,6.585459888095532,52.55851575097415,56.26374190571673
2023,Maule,Ambos,Total,Indicadores principales,942.515,553.4574034594162,508.2801161232255,45.1772873361907,8.16273972555206,53.9280665159945,58.721336366998536
2024,Maule,Ambos,Total,Indicadores principales,953.1499999999999,567.3127727546344,522.856066101609,44.45670665302531,7.836366249460958,54.855591050895356,59.519778917760526
2025,Maule,Ambos,Total,Indicadores principales,963.717,560.2809945713823,518.643518470694,41.637476100688396,7.43153462354033,53.81699383436154,58.137502458852786
2010,Ñuble,Ambos,Total,Indicadores principales,373.07499999999993,201.24130588118956,184.012310144624,17.228995736565544,8.561361526215364,49.32314149825746,53.94124663437368
2011,Ñuble,Ambos,Total,Indicadores principales,377.716,211.58593157583488,192.20697068867798,19.378960887156882,9.15890803458794,50.8866372323857,56.01720117120664
2012,Ñuble,Ambos,Total,Indicadores principales,382.229,224.68237384343274,206.56530600792965,18.117067835503097,8.063413041971758,54.042290356809566,58.7821368455645
2013,Ñuble,Ambos,Total,Indicadores principales,386.48300000111414,225.0851300129957,209.08021797339458,16.004912039601127,7.110603902921999,54.09816679460464,58.239335239155885
2014,Ñuble,Ambos,Total,Indicadores principales,390.6300000000464,226.94285400958853,209.28589977839357,17.656954231195,7.780352595040944,53.57650456400397,58.0966269896223
2015,Ñuble,Ambos,Total,Indicadores principales,394.64,228.12800238359858,211.5502806560478,16.57772172755083,7.266850870712177,53.60588907765249,57.80660915862522
2016,Ñuble,Ambos,Total,Indicadores principales,398.63300000000004,240.71259519934392,223.63613375458672,17.076461444757214,7.094128759907847,56.10075777835419,60.384512872578014
2017,Ñuble,Ambos,Total,Indicadores principales,402.9130000023181,236.49449087152283,218.28930173958622,18.205189131936596,7.697933708665833,54.177775782446915,58.696167874990934
2018,Ñuble,Ambos,Total,Indicadores principales,407.4650000009096,242.62234033590948,222.1051228927443,20.51721744316518,8.456441980882383,54.50900639128478,59.54433885986965
2019,Ñuble,Ambos,Total,Indicadores principales,411.871000000001,243.60740743887203,225.3932371237179,18.21417031515412,7.476854052446895,54.72423091786441,59.14653069501651
2020,Ñuble,Ambos,Total,Indicadores principales,416.116,217.7456300690848,197.53963867577113,20.205991393313678,9.279631185665064,47.47225261123608,52.32810804417153
2021,Ñuble,Ambos,Total,Indicadores principales,419.78200000034326,224.99011341245185,206.03413811487542,18.955975297576412,8.425248118714586,49.08122266193094,53.59689396216795
2022,Ñuble,Ambos,Total,Indicadores principales,423.2029999999999,231.2726956658114,211.92713421130475,19.34556145450667,8.364827243792309,50.07694515665172,54.64817018447682
2023,Ñuble,Ambos,Total,Indicadores principales,426.54200000000003,235.48814931143076,213.69588415409,21.792265157340722,9.254081456354166,50.09961132879997,55.208666277044394
2024,Ñuble,Ambos,Total,Indicadores principales,429.9940000000001,239.98082990835445,216.13106941486166,23.849760493492788,9.938194022664518,50.26374075332717,55.810274075534636
2025,Ñuble,Ambos,Total,Indicadores principales,433.26199999999994,247.5255998269435,223.6169879508269,23.90861187611662,9.659046132130262,51.612416494136795,57.13069685939306
2010,Biobío,Ambos,Total,Indicadores principales,1220.041,699.7091218390166,634.0910540647109,65.61806777430577,9.377906579500424,51.97292993142943,57.351279329056695
2011,Biobío,Ambos,Total,Indicadores principales,1234.707,707.0806232079943,648.1656813635291,58.91494184446529,8.332139208845907,52.4955055218387,57.26707819814696
2012,Biobío,Ambos,Total,Indicadores principales,1248.913,706.2708605674496,646.4487408109992,59.82211975645044,8.470138454867964,51.76091055269656,56.550845460608514
2013,Biobío,Ambos,Total,Indicadores principales,1262.2760000020585,699.1925195620518,642.8475561467029,56.344963415348765,8.05857640620085,50.92765418542812,55.391413570479955
2014,Biobío,Ambos,Total,Indicadores principales,1275.1710000000553,705.2560533968162,645.1182286455168,60.13782475129944,8.527090900056772,50.590723020323445,55.306782650859034
2015,Biobío,Ambos,Total,Indicadores principales,1287.3600000000001,728.4851969920372,670.993063792955,57.492133199082176,7.892011181074225,52.12163371496356,56.587527730552225
2016,Biobío,Ambos,Total,Indicadores principales,1299.324,728.4269236690683,674.9959622678523,53.43096140121599,7.335116216199913,51.94978021400761,56.06199251834556
2017,Biobío,Ambos,Total,Indicadores principales,1311.4620000085422,733.116497025332,676.121480601012,56.99501642432003,7.774346458657119,51.55479004321957,55.9007044825208
2018,Biobío,Ambos,Total,Indicadores principales,1323.7820000038814,746.3361317584578,689.3930220758784,56.94310968257934,7.629686847454983,52.077534070855855,56.37908143155514
2019,Biobío,Ambos,Total,Indicadores principales,1335.5290000000016,760.110788745107,704.6554005773748,55.455388167732124,7.295698073077654,52.76226877719421,56.91458506293058
2020,Biobío,Ambos,Total,Indicadores principales,1346.5900000000001,687.0165772676401,619.5546549624058,67.46192230523428,9.819547961060806,46.009153117311556,51.01898701665986
2021,Biobío,Ambos,Total,Indicadores principales,1355.7390000017767,691.9231969483667,637.5701246938289,54.353072254537864,7.855362053802317,47.02749752666209,51.036607853536694
2022,Biobío,Ambos,Total,Indicadores principales,1364.5450000000003,738.7772530757067,685.2313720418292,53.54588103387758,7.24790602457686,50.21683946237236,54.140922657421086
2023,Biobío,Ambos,Total,Indicadores principales,1373.0040000000001,752.6528281044681,692.1510467493989,60.501781355069106,8.038471270670822,50.411437020532986,54.817963247337076
2024,Biobío,Ambos,Total,Indicadores principales,1381.7489999999998,780.5963745359304,713.9457696495028,66.65060488642764,8.538421015092704,51.66971495181129,56.493355489016494
2025,Biobío,Ambos,Total,Indicadores principales,1390.604,789.45790125308,715.3079861750524,74.1499150780276,9.392510349232296,51.43865443901012,56.770863686073106
2010,La Araucanía,Ambos,Total,Indicadores principales,730.8549999999999,419.93725553543527,383.51439518771895,36.4228603477163,8.673405340346818,52.47475835668074,57.45835432957773
2011,La Araucanía,Ambos,Total,Indicadores principales,740.145,425.50589195208414,390.47831256318176,35.02757938890241,8.231984574457277,52.757002014900024,57.48953136913498
2012,La Araucanía,Ambos,Total,Indicadores principales,749.28,448.27585570306024,414.7426033814914,33.533252321568824,7.480494854887164,55.35215184997483,59.82754854034009
2013,La Araucanía,Ambos,Total,Indicadores principales,757.6610000015905,466.23828903185967,433.57074278214253,32.667546249717105,7.006620223652378,57.22489910147577,61.536530061713734
2014,La Araucanía,Ambos,Total,Indicadores principales,765.859000000089,475.5845544529245,445.14508311175774,30.439471341166737,6.400433120916203,58.12363413000382,62.09818706222284
2015,La Araucanía,Ambos,Total,Indicadores principales,773.6370000000002,460.36971416386126,426.9434656022753,33.42624856158592,7.2607401254219734,55.1865365284074,59.50719965098117
2016,La Araucanía,Ambos,Total,Indicadores principales,781.2040000000001,465.30689436719416,432.03521158904,33.271682778154165,7.1504813663684965,55.303763368984285,59.56278953604872
2017,La Araucanía,Ambos,Total,Indicadores principales,788.9740000052138,473.3724487598148,433.74946057009254,39.622988189722236,8.370362131030276,54.976394731287236,59.998485217090355
2018,La Araucanía,Ambos,Total,Indicadores principales,796.7350000026964,470.4031194310572,436.0384461309741,34.36467330008308,7.305366797236899,54.7281650899607,59.04135244836303
2019,La Araucanía,Ambos,Total,Indicadores principales,804.4210000000005,470.9870215431795,437.8974589063578,33.08956263682167,7.0255784391689575,54.43635346495896,58.54981676798333
2020,La Araucanía,Ambos,Total,Indicadores principales,811.751,396.1716953203874,358.8509829220856,37.32071239830179,9.420337908825164,44.20702689889949,48.804583587872074
2021,La Araucanía,Ambos,Total,Indicadores principales,818.0190000005252,394.1624955446106,366.30460179017524,27.857893754435338,7.067616546303918,44.77947355623036,48.18500493807081
2022,La Araucanía,Ambos,Total,Indicadores principales,823.9569999999999,442.18987217322154,407.52531329180437,34.66455888141721,7.839292815787935,49.45953651608087,53.666620002405665
2023,La Araucanía,Ambos,Total,Indicadores principales,829.843,456.09056541507346,419.72750161279737,36.3630638022761,7.972772637641219,50.57914588817371,54.9610667819182
2024,La Araucanía,Ambos,Total,Indicadores principales,836.1010000000001,474.61548479821573,427.3569894111795,47.2584953870362,9.957217347665827,51.113081961530895,56.76532916456453
2025,La Araucanía,Ambos,Total,Indicadores principales,841.951,483.8145460905835,441.3614103277675,42.45313576281603,8.774671225959302,52.4212703978934,57.463503943885506
2010,Los Ríos,Ambos,Total,Indicadores principales,297.257,161.52642888706725,146.2511092856524,15.275319601414836,9.456854650141942,49.20022380823745,54.33898239135403
2011,Los Ríos,Ambos,Total,Indicadores principales,300.7900000000001,171.16871520349275,157.6530964864347,13.515618717058057,7.896080017303459,52.4130112325658,56.90638492087261
2012,Los Ríos,Ambos,Total,Indicadores principales,304.212,180.4774052440235,168.21408019177366,12.263325052249842,6.794936482862552,55.295018011049414,59.326195299338444
2013,Los Ríos,Ambos,Total,Indicadores principales,307.35700000056704,186.7158868698106,175.95266152723553,10.763225342575074,5.7644935966695945,57.246999914402764,60.74886430745553
2014,Los Ríos,Ambos,Total,Indicadores principales,310.547000000034,185.66718111402855,176.48401921365797,9.183161900370601,4.94603399764588,56.83005123657245,59.78714368968569
2015,Los Ríos,Ambos,Total,Indicadores principales,313.56399999999996,187.52435829443547,178.78297994235902,8.741378352076454,4.66146287958573,57.01642406091231,59.80417340461135
2016,Los Ríos,Ambos,Total,Indicadores principales,316.665,193.92443480922955,184.96953968282097,8.954895126408578,4.61772397852691,58.411741014264585,61.23961751669099
2017,Los Ríos,Ambos,Total,Indicadores principales,319.9160000027044,203.25499348801958,193.78319359126243,9.471799896757155,4.660057661665985,60.57314844822525,63.53386310353385
2018,Los Ríos,Ambos,Total,Indicadores principales,323.15300000171817,201.43038411976306,191.05921641367033,10.371167706092733,5.148760327998192,59.12345434288232,62.33282195080723
2019,Los Ríos,Ambos,Total,Indicadores principales,326.1530000000004,200.2252070769291,189.89818479631035,10.327022280618758,5.157703383795719,58.22365110739748,61.38996332301983
2020,Los Ríos,Ambos,Total,Indicadores principales,329.153,177.23231206253797,159.46904399211294,17.763268070425028,10.022590047889858,48.44830337019956,53.84496330355123
2021,Los Ríos,Ambos,Total,Indicadores principales,331.7400000002367,177.89034600186847,162.96045050995997,14.929895491908466,8.392751955045188,49.12294281963094,53.62342376612453
2022,Los Ríos,Ambos,Total,Indicadores principales,334.155,188.02519142920897,176.29214355795756,11.733047871251419,6.24014674952153,52.75759559424744,56.26885470192246
2023,Los Ríos,Ambos,Total,Indicadores principales,336.622,194.22905928120926,177.9887805684037,16.24027871280553,8.361405225822818,52.874969719270794,57.699454961710536
2024,Los Ríos,Ambos,Total,Indicadores principales,339.132,199.89565527479908,183.86695393245674,16.028701342342362,8.01853412987266,54.216928491695484,58.94331861186768
2025,Los Ríos,Ambos,Total,Indicadores principales,341.737,202.6792932746648,186.3586002314465,16.320693043218288,8.052471853205539,54.532754788462036,59.30855987928284
2010,Los Lagos,Ambos,Total,Indicadores principales,626.18,368.6225106684897,341.5999453249833,27.02256534350641,7.330687779892095,54.55299519706528,58.86845805814458
2011,Los Lagos,Ambos,Total,Indicadores principales,636.131,370.738512979027,352.6348987504714,18.10361422855553,4.883122091386191,55.434320721749366,58.28021476378717
2012,Los Lagos,Ambos,Total,Indicadores principales,645.938,392.38902884377694,376.8950551188372,15.493973724939737,3.948625620495725,58.3484877989586,60.74716595768896
2013,Los Lagos,Ambos,Total,Indicadores principales,655.0720000021399,409.69945342943026,396.7498654336477,12.949587995782545,3.1607530562676427,60.56584092013575,62.54265995617152
2014,Los Lagos,Ambos,Total,Indicadores principales,664.0680000001249,415.41588060303394,398.5662302993004,16.849650303733554,4.056092000930234,60.01888817097427,62.55622626040643
2015,Los Lagos,Ambos,Total,Indicadores principales,672.7809999999998,410.9275766035554,397.2530714305419,13.674505173013495,3.3277165981503467,59.046416505600185,61.07895089242346
2016,Los Lagos,Ambos,Total,Indicadores principales,681.4979999999999,408.8638723864631,397.3004463287293,11.563426057733706,2.828184840651271,58.29810892016255,59.99487487658997
2017,Los Lagos,Ambos,Total,Indicadores principales,690.2770000039408,419.16165531814516,403.305027786724,15.85662753142118,3.7829384749866835,58.426548731077744,60.72368850704169
2018,Los Lagos,Ambos,Total,Indicadores principales,699.3300000016296,415.3342243733697,400.7624527062269,14.571771667142809,3.5084447204243245,57.30662958907712,59.39030563144752
2019,Los Lagos,Ambos,Total,Indicadores principales,708.1670000000007,430.57831455557215,415.21184018770765,15.366474367864553,3.568798949785776,58.63191029625882,60.80180445510335
2020,Los Lagos,Ambos,Total,Indicadores principales,716.686,353.82301312146524,332.31050102488103,21.51251209658415,6.080020603181919,46.3676562713491,49.36932117014498
2021,Los Lagos,Ambos,Total,Indicadores principales,724.4470000007241,343.9155377973754,331.6446922616847,12.270845535690675,3.5679823058533304,45.77901382176381,47.4728362181128
2022,Los Lagos,Ambos,Total,Indicadores principales,731.48,356.46969431713484,342.46460159157607,14.005092725558839,3.92883124395398,46.818040355385804,48.73266450444781
2023,Los Lagos,Ambos,Total,Indicadores principales,739.054,385.0323123623176,368.7768052081419,16.255507154175735,4.221855317659472,49.89849256050869,52.09799451221665
2024,Los Lagos,Ambos,Total,Indicadores principales,746.9249999999998,429.76800049079253,410.9802797823346,18.787720708457886,4.371595997608575,55.02296479329715,57.53830712465008
2025,Los Lagos,Ambos,Total,Indicadores principales,754.1280000000002,427.92224796555945,402.7100495174147,25.212198448144704,5.891770892494906,53.40075551065796,56.743980858098276
2010,Aysén del General Carlos Ibáñez del Campo,Ambos,Total,Indicadores principales,74.89399999999999,49.84739447780945,47.31467422814039,2.532720249669056,5.080948114141746,63.17552037298102,66.55726023153986
2011,Aysén del General Carlos Ibáñez del Campo,Ambos,Total,Indicadores principales,75.90400000000001,53.20758168181663,50.96107954262972,2.24650213918691,4.222146671918072,67.1388590095775,70.09852139784019
2012,Aysén del General Carlos Ibáñez del Campo,Ambos,Total,Indicadores principales,76.875,53.211720745390004,50.95724353762941,2.254477207760599,4.236805681492485,66.28584525220086,69.21849853058862
2013,Aysén del General Carlos Ibáñez del Campo,Ambos,Total,Indicadores principales,77.72800000011475,54.58307594342667,51.98284372684979,2.60023221657689,4.76380667749823,66.87788663901432,70.22318333592284
2014,Aysén del General Carlos Ibáñez del Campo,Ambos,Total,Indicadores principales,78.5880000000172,55.64084409170713,53.49124600363125,2.1495980880758823,3.863345574939372,68.0654120267974,70.80068724448383
2015,Aysén del General Carlos Ibáñez del Campo,Ambos,Total,Indicadores principales,79.437,56.77655514594988,54.766341849227096,2.010213296722782,3.5405693275249366,68.94311447968465,71.47369002599528
2016,Aysén del General Carlos Ibáñez del Campo,Ambos,Total,Indicadores principales,80.25300000000001,57.64502758619599,55.95107326406792,1.6939543221280624,2.938595735070316,69.71835727520205,71.82912487532676
2017,Aysén del General Carlos Ibáñez del Campo,Ambos,Total,Indicadores principales,81.16800000080669,59.103035527793665,57.182765146668835,1.9202703811248252,3.249021584046733,70.44988806684965,72.81568540213664
2018,Aysén del General Carlos Ibáñez del Campo,Ambos,Total,Indicadores principales,82.10200000061995,59.62444572851878,57.54986302911677,2.074582699402005,3.479416326732775,70.09556774339507,72.62240350791522
2019,Aysén del General Carlos Ibáñez del Campo,Ambos,Total,Indicadores principales,83.01200000000017,59.677157384331245,57.19559162081804,2.4815657635132062,4.1583176415918945,68.90038984823632,71.88979591424265
2020,Aysén del General Carlos Ibáñez del Campo,Ambos,Total,Indicadores principales,83.951,57.75609167113132,53.90063371960209,3.855457951529238,6.67541351911861,64.20487393789483,68.79738379665677
2021,Aysén del General Carlos Ibáñez del Campo,Ambos,Total,Indicadores principales,84.68800000016009,57.22903754068947,54.68075572976911,2.5482818109203524,4.452777681449808,64.56730083325353,67.5763243205428
2022,Aysén del General Carlos Ibáñez del Campo,Ambos,Total,Indicadores principales,85.375,60.95851332733163,57.94638381286391,3.0121295144677314,4.941277846284351,67.8727775260485,71.40089408765053
2023,Aysén del General Carlos Ibáñez del Campo,Ambos,Total,Indicadores principales,86.072,62.09470971750691,58.93579854956683,3.158911167940075,5.087246856151186,68.47267235519894,72.14275225103043
2024,Aysén del General Carlos Ibáñez del Campo,Ambos,Total,Indicadores principales,86.836,61.71287940543488,58.77282868367594,2.9400507217589436,4.764079637969414,67.68256101579522,71.06831199667751
2025,Aysén del General Carlos Ibáñez del Campo,Ambos,Total,Indicadores principales,87.458,62.278818292253376,59.67728566088742,2.6015326313659584,4.177235057925872,68.23536515914773,71.20997312110198
2010,Magallanes y de la Antártica Chilena,Ambos,Total,Indicadores principales,126.31399999999998,73.98975205894452,69.75256213941115,4.237189919533367,5.7267253932109075,55.22156066580993,58.57605020737569
2011,Magallanes y de la Antártica Chilena,Ambos,Total,Indicadores principales,127.97200000000001,79.64148561152993,75.51832179953252,4.123163811997425,5.177155825682516,59.01159769288008,62.233524217430315
2012,Magallanes y de la Antártica Chilena,Ambos,Total,Indicadores principales,129.689,80.85996160975706,77.52609838490042,3.333863224856639,4.123008666447789,59.77846878679026,62.349128769407635
2013,Magallanes y de la Antártica Chilena,Ambos,Total,Indicadores principales,131.31100000077456,80.95620824453626,77.61890711915137,3.33730112538489,4.1223535510757126,59.11074252628761,61.65226694188508
2014,Magallanes y de la Antártica Chilena,Ambos,Total,Indicadores principales,132.96500447073262,84.07266260498407,81.57750930844652,2.4951532965375516,2.9678533059682493,61.352616527308,63.229165403058815
2015,Magallanes y de la Antártica Chilena,Ambos,Total,Indicadores principales,134.689000000362,86.81687702454226,83.63729099152859,3.179586033013681,3.6624054469441973,62.096601052278814,64.45728828954772
2016,Magallanes y de la Antártica Chilena,Ambos,Total,Indicadores principales,136.48400000006296,89.4260127675237,85.60999417168277,3.816018595840927,4.26723553666788,62.72529686383993,65.52124261267434
2017,Magallanes y de la Antártica Chilena,Ambos,Total,Indicadores principales,138.52000000303917,91.18996609331495,88.1141409925323,3.0758251007826547,3.3729863411015573,63.611132681633734,65.83162438009978
2018,Magallanes y de la Antártica Chilena,Ambos,Total,Indicadores principales,141.01900000214442,96.2763342348909,92.929177412172,3.3471568227188992,3.4766143199352078,65.89833810391426,68.27188835080865
2019,Magallanes y de la Antártica Chilena,Ambos,Total,Indicadores principales,143.52100000000044,97.31826161403445,93.77346473685273,3.5447968771817204,3.6424786246598124,65.33780055661015,67.8076808369745
2020,Magallanes y de la Antártica Chilena,Ambos,Total,Indicadores principales,145.978,86.93719786909901,80.96669143392486,5.970506435174153,6.8676085513636185,55.464995707520906,59.554999978831745
2021,Magallanes y de la Antártica Chilena,Ambos,Total,Indicadores principales,147.79800000063636,92.49199894860838,87.43855782490614,5.053441123702242,5.463652187374716,59.16085320811491,62.580007136909934
2022,Magallanes y de la Antártica Chilena,Ambos,Total,Indicadores principales,149.278,97.47936087953467,92.96390631061962,4.5154545689150325,4.63221601800944,62.275691200725916,65.30055391922096
2023,Magallanes y de la Antártica Chilena,Ambos,Total,Indicadores principales,150.716,101.79850662109862,96.3330537869129,5.465452834185728,5.368892939194616,63.91693900243697,67.54326456454433
2024,Magallanes y de la Antártica Chilena,Ambos,Total,Indicadores principales,152.14099999999996,102.24624264729741,96.55256368347632,5.693678963821077,5.568594812292179,63.46255360716463,67.20492349024748
2025,Magallanes y de la Antártica Chilena,Ambos,Total,Indicadores principales,153.529,104.59740500084683,98.39357391450093,6.203831086345904,5.931152007352073,64.08794033342295,68.12876069071436
2010,Chile,Ambos,Total,Indicadores principales por región y sexo,13296.160000000304,8000.069096489514,7337.399869936192,662.6692265533225,8.28329378860123,55.184353000686095,60.16826735305029
2011,Chile,Ambos,Total,Indicadores principales por región y sexo,13505.226000013396,8305.64106264665,7698.576801944122,607.0642607025272,7.309059663470239,57.0044277817823,61.49946000635911
2012,Chile,Ambos,Total,Indicadores principales por región y sexo,13711.386000005756,8430.674447253492,7874.555778089455,556.1186691640376,6.5963722433287355,57.4307789021923,61.48666843198749
2013,Chile,Ambos,Total,Indicadores principales por región y sexo,13899.476001125446,8560.860201364663,8039.630943542931,521.2292578217315,6.088515003885285,57.84125202196082,61.59124416396335
2014,Chile,Ambos,Total,Indicadores principales por región y sexo,14088.688004512213,8719.712814301036,8153.126288807916,566.5865254931202,6.497765896187227,57.87001803288353,61.89158856742626
2015,Chile,Ambos,Total,Indicadores principales por región y sexo,14275.667000000361,8853.653914554985,8293.054375921827,560.599538633158,6.331843824520394,58.09223748299548,62.01919612270839
2016,Chile,Ambos,Total,Indicadores principales por región y sexo,14474.396000001954,8991.439305488073,8389.930360006461,601.5089454816114,6.689795983102178,57.96394101698839,62.11961663538056
2017,Chile,Ambos,Total,Indicadores principales por región y sexo,14729.490000541851,9235.345143233524,8592.194129202913,643.151014030611,6.964017089299901,58.33327650099789,62.69969389906769
2018,Chile,Ambos,Total,Indicadores principales por región y sexo,15055.265000503541,9483.20541054352,8783.603283189714,699.602127353806,7.37727484607664,58.34240236153887,62.989295839205376
2019,Chile,Ambos,Total,Indicadores principales por región y sexo,15393.044000005957,9674.462196580193,8975.909918738656,698.5522778415373,7.220579952118343,58.31146795094708,62.849571511498624
2020,Chile,Ambos,Total,Indicadores principales por región y sexo,15720.27200000008,8853.973502977073,7922.464075219924,931.5094277571502,10.520806589763772,50.39648216786505,56.32201213170502
2021,Chile,Ambos,Total,Indicadores principales por región y sexo,15932.698005127524,9117.236708594619,8313.958178332652,803.2785302619661,8.810548151116151,52.18173454148833,57.22343262679348
2022,Chile,Ambos,Total,Indicadores principales por región y sexo,16089.197000000062,9621.130854926894,8862.69622366622,758.434631260673,7.883009208551462,55.084764166081044,59.79870129582512
2023,Chile,Ambos,Total,Indicadores principales por región y sexo,16238.022000498016,9936.992809460993,9074.388776409365,862.6040330516279,8.68073520421937,55.883584688646536,61.195832898589664
2024,Chile,Ambos,Total,Indicadores principales por región y sexo,16388.35200000032,10159.287600556872,9298.541154514776,860.7464460420964,8.472507914776576,56.73872000378437,61.9909042749184
2025,Chile,Ambos,Total,Indicadores principales por región y sexo,16537.1660000189,10270.115720394768,9391.484962075603,878.6307583191656,8.555217703870161,56.79017167793363,62.10323897324989
2010,Arica y Parinacota,Ambos,Total,Indicadores principales por región y sexo,164.85199999999998,104.62744020630068,96.73420172885076,7.89323847744991,7.544138002312111,58.67942259047556,63.46749824466836
2011,Arica y Parinacota,Ambos,Total,Indicadores principales por región y sexo,167.91800000000003,104.16166630140786,95.64433166650369,8.517334634904179,8.177033775801892,56.95895119433513,62.031269013094395
2012,Arica y Parinacota,Ambos,Total,Indicadores principales por región y sexo,171.115,103.31728705840665,96.6531219763588,6.664165082047853,6.4501936430836695,56.48430703115379,60.37886044964302
2013,Arica y Parinacota,Ambos,Total,Indicadores principales por región y sexo,173.81000013431947,104.72564918334193,98.61800156915125,6.107647614190679,5.832045598970788,56.738968697393574,60.252948105638616
2014,Arica y Parinacota,Ambos,Total,Indicadores principales por región y sexo,176.52300002042844,103.81033077502224,96.73543847292072,7.074892302101497,6.815210248616012,54.80047272124643,58.808388007799884
2015,Arica y Parinacota,Ambos,Total,Indicadores principales por región y sexo,179.274,107.45903412685166,101.39380451172343,6.065229615128231,5.644224949917601,56.558008697147066,59.94122635008515
2016,Arica y Parinacota,Ambos,Total,Indicadores principales por región y sexo,182.1470000000001,109.7296817743837,103.23238239203924,6.497299382344447,5.921186753920975,56.675313012039275,60.24237663776161
2017,Arica y Parinacota,Ambos,Total,Indicadores principales por región y sexo,185.3180000107222,111.03533821038424,103.6947270286412,7.340611181743063,6.611058515293966,55.955021650698576,59.91611079547584
2018,Arica y Parinacota,Ambos,Total,Indicadores principales por región y sexo,190.0030000051953,115.17912055341274,106.44884532593586,8.730275227476875,7.579737703786623,56.024823462274384,60.619632611202654
2019,Arica y Parinacota,Ambos,Total,Indicadores principales por región y sexo,194.84500000000116,120.17232792919529,112.38186316301609,7.790464766179194,6.482744322610845,57.677570973345695,61.67585923641591
2020,Arica y Parinacota,Ambos,Total,Indicadores principales por región y sexo,199.566,105.43803231895414,97.7023086744515,7.735723644502637,7.336748869802287,48.957391877600145,52.83366521298925
2021,Arica y Parinacota,Ambos,Total,Indicadores principales por región y sexo,202.79700000176945,110.87934797872842,104.53958067164648,6.339767307081951,5.71771698035075,51.548879258931024,54.675043505456664
2022,Arica y Parinacota,Ambos,Total,Indicadores principales por región y sexo,205.219,118.6073682238886,110.83772184132405,7.7696463825645505,6.550728254840135,54.0094834500334,57.79551027141181
2023,Arica y Parinacota,Ambos,Total,Indicadores principales por región y sexo,207.687,122.65661858248454,112.95812401719836,9.698494565286191,7.907029133339523,54.38863482894853,59.0583996988182
2024,Arica y Parinacota,Ambos,Total,Indicadores principales por región y sexo,210.236,124.6900001396747,115.26645074421461,9.423549395460077,7.557582312057138,54.82717077199653,59.30953791913597
2025,Arica y Parinacota,Ambos,Total,Indicadores principales por región y sexo,212.80000000000004,126.34297141062537,117.76534430047549,8.57762711014988,6.789160500485511,55.34085728405802,59.371697091459275
2010,Tarapacá,Ambos,Total,Indicadores principales por región y sexo,220.08199999999994,145.17869705261847,136.92763282861793,8.251064224000562,5.6833849535170105,62.21664326415517,65.96572961560624
2011,Tarapacá,Ambos,Total,Indicadores principales por región y sexo,225.94700000000003,152.66626196264136,144.02110930369224,8.645152658949117,5.662778761862038,63.74110269385839,67.56728877242952
2012,Tarapacá,Ambos,Total,Indicadores principales por región y sexo,231.92,151.23270106511814,144.44763122221212,6.78506984290598,4.486509726480683,62.28338703958784,65.20899494011648
2013,Tarapacá,Ambos,Total,Indicadores principales por región y sexo,237.55400001064555,152.70110778293093,143.3010677774875,9.40004000544342,6.155842706004368,60.32357601684911,64.28058789836749
2014,Tarapacá,Ambos,Total,Indicadores principales por región y sexo,243.40400001305477,156.33372604818354,146.97632398464796,9.357402063535597,5.985529994117557,60.38369294537683,64.22808418916645
2015,Tarapacá,Ambos,Total,Indicadores principales por región y sexo,249.04200000000006,163.89044345367336,152.564220867968,11.326222585705368,6.910849923294602,61.26043834693263,65.80835499782098
2016,Tarapacá,Ambos,Total,Indicadores principales por región y sexo,254.49000000188929,171.0536421296371,158.57770491450086,12.475937215136263,7.293581744188221,62.31195917848387,67.21428823465253
2017,Tarapacá,Ambos,Total,Indicadores principales por región y sexo,260.90900017189637,174.4487727093301,161.71096826039138,12.737804448938691,7.301744948451239,61.97983517389216,66.86192220061281
2018,Tarapacá,Ambos,Total,Indicadores principales por región y sexo,272.07700029777584,174.1981220346024,159.7646403927919,14.433481641810458,8.28567005960226,58.720377032213975,64.025302338658
2019,Tarapacá,Ambos,Total,Indicadores principales por región y sexo,283.8000000059114,182.2905011066307,169.76602615877493,12.524474947855767,6.870613044466636,59.818895755898104,64.23202998690405
2020,Tarapacá,Ambos,Total,Indicadores principales por región y sexo,295.36200000003964,168.01768745231897,151.41842295080318,16.599264501515773,9.879474448918604,51.26537027470795,56.885343223670084
2021,Tarapacá,Ambos,Total,Indicadores principales por región y sexo,302.4620031891459,181.49988175949068,165.56829392464215,15.93158783484852,8.777740062640813,54.74019618295767,60.00749841162328
2022,Tarapacá,Ambos,Total,Indicadores principales por región y sexo,307.4340000000416,203.2320573739202,185.28699837293206,17.945059000988174,8.82983680471808,60.26887018771736,66.10591456178977
2023,Tarapacá,Ambos,Total,Indicadores principales por región y sexo,312.0800004979447,203.8015951506422,190.05537768046176,13.746217470180428,6.74490180512069,60.89956978249666,65.30427929552134
2024,Tarapacá,Ambos,Total,Indicadores principales por región y sexo,316.86500000031907,207.95533040011975,193.37119052022507,14.584139879894666,7.0131118311965475,61.026364704221145,65.62899985795538
2025,Tarapacá,Ambos,Total,Indicadores principales por región y sexo,321.6980000152554,207.48673645303757,188.57878537577167,18.907951077265892,9.112848079108666,58.619819012498986,64.49736599021388
2010,Antofagasta,Ambos,Total,Indicadores principales por región y sexo,425.11400000030574,269.85633044894627,249.12311451995234,20.733215928993957,7.683057089860059,58.6014844300054,63.47857996884416
2011,Antofagasta,Ambos,Total,Indicadores principales por región y sexo,432.85600001339554,273.5519687763747,256.1543534566103,17.397615319764416,6.359894025835635,59.17772964881696,63.19699132457656
2012,Antofagasta,Ambos,Total,Indicadores principales por región y sexo,440.51800000575554,267.28234209126566,253.23685087078812,14.045491220477524,5.254926723023694,57.486152862647955,60.67455633771458
2013,Antofagasta,Ambos,Total,Indicadores principales por región y sexo,448.7860009001401,275.69044872885803,259.58695413272375,16.10349459613428,5.841150707390697,57.84203464726271,61.430269254366124
2014,Antofagasta,Ambos,Total,Indicadores principales por región y sexo,457.8770000022728,283.64710583619296,264.9220028533032,18.7251029828898,6.6015491071865915,57.858770554534985,61.94831927237774
2015,Antofagasta,Ambos,Total,Indicadores principales por región y sexo,466.004,290.822734715874,270.67538488324504,20.14734983262893,6.9277079910249615,58.08434796337478,62.4077764817199
2016,Antofagasta,Ambos,Total,Indicadores principales por región y sexo,474.3870000000001,303.2161066968906,278.6846949546366,24.531411742253965,8.090405225991752,58.74627571047195,63.91745699120982
2017,Antofagasta,Ambos,Total,Indicadores principales por región y sexo,484.69300003129473,305.08016369934205,278.43100347454543,26.6491602247966,8.735133710974234,57.44481629744359,62.94296878222797
2018,Antofagasta,Ambos,Total,Indicadores principales por región y sexo,504.4830000168211,327.761434948176,299.36432693141666,28.39710801675935,8.663956460054356,59.340815631336405,64.96976804713881
2019,Antofagasta,Ambos,Total,Indicadores principales por región y sexo,525.2810000000054,342.14717968584137,315.0233271893161,27.123852496525313,7.927539406120594,59.972343791097124,65.13602808512736
2020,Antofagasta,Ambos,Total,Indicadores principales por región y sexo,545.6740000000407,325.6066026679714,289.05558669926666,36.55101596870477,11.22551436893824,52.97221174167087,59.67053637665477
2021,Antofagasta,Ambos,Total,Indicadores principales por región y sexo,556.7320018754702,342.49203053862965,310.3897632228398,32.10226731578983,9.373142862712253,55.75209655224162,61.51829414958585
2022,Antofagasta,Ambos,Total,Indicadores principales por región y sexo,563.2960000000191,357.5738526101722,327.8775842759072,29.696268334265014,8.30493284603781,58.206978973025926,63.47885527505256
2023,Antofagasta,Ambos,Total,Indicadores principales por región y sexo,569.0320000000717,367.11414300821343,337.1236215453601,29.990521462853373,8.16926343864186,59.245107752343905,64.51555325678822
2024,Antofagasta,Ambos,Total,Indicadores principales por región y sexo,574.6409999999998,375.8803571327713,344.3701947429332,31.51016238983808,8.383029810389326,59.92788449535158,65.41133631828765
2025,Antofagasta,Ambos,Total,Indicadores principales por región y sexo,580.094000003646,382.30315486099886,356.30324729684855,25.99990756415034,6.800861367101095,61.42163981951359,65.90365610721642
2010,Atacama,Ambos,Total,Indicadores principales por región y sexo,215.58799999999997,132.27694830726696,122.42346117045842,9.853487136808543,7.449134004754793,56.78584205542908,61.3563594946226
2011,Atacama,Ambos,Total,Indicadores principales por región y sexo,218.49300000000002,133.46998590196475,125.39324666211887,8.076739239845864,6.051352433481429,57.39005215824711,61.08661874841058
2012,Atacama,Ambos,Total,Indicadores principales por región y sexo,221.2,134.76061200025617,128.06463778824786,6.695974212008324,4.968791780194347,57.89540587172145,60.92251898745757
2013,Atacama,Ambos,Total,Indicadores principales por región y sexo,223.8700000006595,139.6771603795888,131.74736200198257,7.929798377606243,5.677233383078593,58.849940591233505,62.39208486138265
2014,Atacama,Ambos,Total,Indicadores principales por región y sexo,226.51400000005822,143.52349701232154,133.2125246059115,10.310972406410048,7.184170272498898,58.809841601789415,63.36186593865486
2015,Atacama,Ambos,Total,Indicadores principales por región y sexo,229.04799999999992,138.31766881632964,130.01156096873382,8.306107847595845,6.005095313329366,56.76170975897361,60.38807097915271
2016,Atacama,Ambos,Total,Indicadores principales por región y sexo,231.54500000000002,142.95619448762534,131.25185361098485,11.70434087664045,8.187361812889899,56.68524632835295,61.74013452574027
2017,Atacama,Ambos,Total,Indicadores principales por región y sexo,234.07400000622698,148.69540553053784,137.67377290316514,11.021632627372682,7.41222137163421,58.81634564261843,63.524956008177824
2018,Atacama,Ambos,Total,Indicadores principales por región y sexo,237.46100000212596,156.21546416820252,142.71821629722737,13.49724787097516,8.640148363571875,60.10174988564423,65.78573499092649
2019,Atacama,Ambos,Total,Indicadores principales por región y sexo,240.78900000000044,159.78467841448935,145.9793705303122,13.80530788417716,8.639944718833123,60.625431614530534,66.35879480146065
2020,Atacama,Ambos,Total,Indicadores principales por región y sexo,244.06900000000002,142.93444676203336,127.8868595265272,15.04758723550617,10.527614285000437,52.39782992781844,58.56313041067622
2021,Atacama,Ambos,Total,Indicadores principales por región y sexo,246.39100000063289,146.43585687027556,132.9679453646439,13.467911505631621,9.197140504707505,53.966234709994424,59.432307539601446
2022,Atacama,Ambos,Total,Indicadores principales por región y sexo,248.32000000000002,154.68518175194458,142.39480138551113,12.290380366433462,7.945415473695791,57.34326731053121,62.29267950706531
2023,Atacama,Ambos,Total,Indicadores principales por región y sexo,250.215,162.85045753607898,147.86100639661822,14.989451139460765,9.204426789000516,59.09358207806016,65.08421059332133
2024,Atacama,Ambos,Total,Indicadores principales por región y sexo,252.24999999999997,167.36571978576146,152.2290409063357,15.136678879425737,9.04407360049694,60.348480042154904,66.34914560386976
2025,Atacama,Ambos,Total,Indicadores principales por región y sexo,254.395,167.50300157932196,152.0743497830136,15.428651796308392,9.210970341329716,59.7788281149447,65.84366893190588
2010,Coquimbo,Ambos,Total,Indicadores principales por región y sexo,544.977,316.92683481812037,290.087753582181,26.839081235939318,8.468541722363735,53.22935712556328,58.15416702321756
2011,Coquimbo,Ambos,Total,Indicadores principales por región y sexo,556.1870000000001,332.94494471629554,307.3146984871734,25.630246229122097,7.6980433659870675,55.25384420836398,59.86205084194622
2012,Coquimbo,Ambos,Total,Indicadores principales por región y sexo,567.4,342.7653504263568,321.1632744398891,21.602075986467703,6.302292795814235,56.602621508616345,60.4098255950576
2013,Coquimbo,Ambos,Total,Indicadores principales por región y sexo,578.475000000705,340.93669072724214,317.4593427816855,23.47734794555663,6.8861312331851945,54.8786624800205,58.93715212011351
2014,Coquimbo,Ambos,Total,Indicadores principales por región y sexo,589.6310000000813,364.7461619105664,338.0754025929878,26.670759317578607,7.312142553570753,57.336775473633715,61.860072131641
2015,Coquimbo,Ambos,Total,Indicadores principales por región y sexo,600.857,375.52210283690243,346.1308811060599,29.391221730842464,7.826762128994501,57.606199329634165,62.49774952058517
2016,Coquimbo,Ambos,Total,Indicadores principales por región y sexo,612.2810000000001,382.4513884396804,352.51165450643833,29.93973393324204,7.82837632133844,57.57350865149144,62.463376854692584
2017,Coquimbo,Ambos,Total,Indicadores principales por región y sexo,624.7290000055996,376.5851442181657,346.4481478371401,30.136996381025604,8.002704526115467,55.455749266327445,60.27976037846654
2018,Coquimbo,Ambos,Total,Indicadores principales por región y sexo,638.2610000043179,388.87958120333434,359.93536687379896,28.9442143295354,7.442976111003698,56.393131786426544,60.927987328178205
2019,Coquimbo,Ambos,Total,Indicadores principales por región y sexo,651.8850000000014,406.93745281842087,378.8562086234434,28.081244194977483,6.900629077144095,58.11703116706821,62.424730254327066
2020,Coquimbo,Ambos,Total,Indicadores principales por región y sexo,665.3,367.6415558245526,322.1019930437197,45.539562780832945,12.386946486149004,48.41454878156015,55.25951538021232
2021,Coquimbo,Ambos,Total,Indicadores principales por región y sexo,676.7770000012148,365.52595198487796,330.61378928318686,34.91216270169114,9.551213125117714,48.8512152869547,54.00980706853541
2022,Coquimbo,Ambos,Total,Indicadores principales por región y sexo,687.073,387.881344722742,354.2333447514147,33.64799997132735,8.674817809394513,51.55687164994326,56.45416785738081
2023,Coquimbo,Ambos,Total,Indicadores principales por región y sexo,697.641,406.8163459604573,367.48682097933425,39.32952498112302,9.667636360153992,52.675634169914645,58.313136120219035
2024,Coquimbo,Ambos,Total,Indicadores principales por región y sexo,708.71,413.63936358650534,379.6711041195815,33.96825946692387,8.212047125398888,53.57213869136622,58.36510894251603
2025,Coquimbo,Ambos,Total,Indicadores principales por región y sexo,719.9590000000001,424.9841281759043,389.9783388286226,35.00578934728167,8.236963930284121,54.16674266571049,59.02893472765869
2010,Valparaíso,Ambos,Total,Indicadores principales por región y sexo,1380.465,815.1154057731853,733.6009139919696,81.5144917812157,10.000362059639196,53.14158011916055,59.04643766942193
2011,Valparaíso,Ambos,Total,Indicadores principales por región y sexo,1402.186,852.2840466809082,778.3578614759093,73.92618520499886,8.6738905289725,55.51031471401864,60.78252433563793
2012,Valparaíso,Ambos,Total,Indicadores principales por región y sexo,1423.589,857.6711725345214,793.951711785942,63.71946074857924,7.429357869203016,55.771132804899594,60.247105908694245
2013,Valparaíso,Ambos,Total,Indicadores principales por región y sexo,1443.5160000063772,862.0708842098405,801.5888951437993,60.48198906604134,7.015895116499394,55.53030899139725,59.720216762823
2014,Valparaíso,Ambos,Total,Indicadores principales por región y sexo,1463.207000000418,886.6642334988204,821.7276450635742,64.9365884352462,7.323695484930439,56.15935715611936,60.59732037220756
2015,Valparaíso,Ambos,Total,Indicadores principales por región y sexo,1482.686,898.2868142358916,834.7536468030611,63.533167432830425,7.07270399898651,56.30009636585637,60.585101244355954
2016,Valparaíso,Ambos,Total,Indicadores principales por región y sexo,1502.3360000000002,909.5953351586529,842.4119125548458,67.18342260380707,7.386078183007486,56.07346908779698,60.545399641535106
2017,Valparaíso,Ambos,Total,Indicadores principales por región y sexo,1525.1220000218539,937.9454253660862,868.2858395739199,69.65958579216621,7.426827180800805,56.932221786944126,61.49969808006481
2018,Valparaíso,Ambos,Total,Indicadores principales por región y sexo,1550.431000011759,950.8648603424207,877.7242975445432,73.14056279787748,7.6920039690538635,56.61163234854607,61.32906658440195
2019,Valparaíso,Ambos,Total,Indicadores principales por región y sexo,1575.441000000003,955.351645978506,879.3290157528847,76.02263022562119,7.9575547439138,55.814785558639336,60.64026808864973
2020,Valparaíso,Ambos,Total,Indicadores principales por región y sexo,1599.7760000000003,861.0173192898214,760.3198860293201,100.69743326050136,11.695169307808808,47.52664660735753,53.82111741205152
2021,Valparaíso,Ambos,Total,Indicadores principales por región y sexo,1619.2700000044288,896.4309953176324,814.9532764038161,81.47771891381639,9.089123350196788,50.32843666600303,55.36019288415031
2022,Valparaíso,Ambos,Total,Indicadores principales por región y sexo,1636.427,955.7909050623808,878.1304356401959,77.66046942218499,8.125257209589831,53.66144873191385,58.40718254235483
2023,Valparaíso,Ambos,Total,Indicadores principales por región y sexo,1653.596,984.4605154534692,901.1321386961788,83.32837675729026,8.464369616582028,54.49530228037433,59.534524482005835
2024,Valparaíso,Ambos,Total,Indicadores principales por región y sexo,1671.0739999999998,988.8455414714056,905.2465406988873,83.59900077251824,8.454202124239004,54.171541218335484,59.17425209604157
2025,Valparaíso,Ambos,Total,Indicadores principales por región y sexo,1688.569,1003.7349249390649,918.8207531429822,84.91417179608266,8.459820385470563,54.414166856254155,59.44293214781658
2010,Región Metropolitana,Ambos,Total,Indicadores principales por región y sexo,5427.924999999998,3406.6074334369773,3126.78061454578,279.82681889119783,8.214237312600366,57.60544986428112,62.760768312697365
2011,Región Metropolitana,Ambos,Total,Indicadores principales por región y sexo,5516.478,3569.4787663364036,3312.492602877587,256.98616345881686,7.199543134489046,60.04723671294596,64.7057554899413
2012,Región Metropolitana,Ambos,Total,Indicadores principales por región y sexo,5603.667,3589.785071299308,3353.72684299025,236.0582283090576,6.57583180108377,59.84878906955482,64.06135609591554
2013,Región Metropolitana,Ambos,Total,Indicadores principales por región y sexo,5678.193000061908,3637.398118043778,3425.3601481827254,212.0379698610526,5.829385813150647,60.324827777875456,64.0590786189219
2014,Región Metropolitana,Ambos,Total,Indicadores principales por región y sexo,5753.634000004492,3688.330531950597,3452.962167075179,235.36836487541837,6.3814336279385,60.01358736187397,64.10436485789187
2015,Región Metropolitana,Ambos,Total,Indicadores principales por región y sexo,5830.0509999999995,3756.5353959903987,3526.898494120299,229.6369018700996,6.112997154644314,60.49515680257856,64.43400574009385
2016,Región Metropolitana,Ambos,Total,Indicadores principales por región y sexo,5917.673,3814.886029672902,3551.4186097862857,263.4674198866164,6.906298584998797,60.01376909109857,64.46598231556393
2017,Región Metropolitana,Ambos,Total,Indicadores principales por región y sexo,6050.659000249678,3981.8566614231845,3702.4511350921302,279.40552633105375,7.016965955554748,61.190874166588316,65.80864433541662
2018,Región Metropolitana,Ambos,Total,Indicadores principales por región y sexo,6232.309000138773,4128.238894767147,3808.378924979178,319.85996978796885,7.748097383448798,61.107029912900316,66.23931667501122
2019,Región Metropolitana,Ambos,Total,Indicadores principales por región y sexo,6425.880000000028,4221.139878256048,3899.201375548212,321.93850270783554,7.626814367517324,60.67964816567062,65.68967796248964
2020,Región Metropolitana,Ambos,Total,Indicadores principales por región y sexo,6612.902,3960.360897193648,3515.9413214481356,444.4195757455123,11.221693862810143,53.16790300911968,59.888395400289426
2021,Región Metropolitana,Ambos,Total,Indicadores principales por región y sexo,6717.592000046508,4163.269989855053,3752.719531424082,410.550458430971,9.861249917285923,55.86405860013679,61.97563040187957
2022,Región Metropolitana,Ambos,Total,Indicadores principales por región y sexo,6781.391,4342.729191839924,3970.7636696947034,371.96552214522023,8.565247928518108,58.55382280264777,64.03891460970064
2023,Región Metropolitana,Ambos,Total,Indicadores principales por región y sexo,6837.956000000001,4477.523476326375,4051.6049644830364,425.9185118433394,9.512368033250114,59.2516969176613,65.4804370827536
2024,Región Metropolitana,Ambos,Total,Indicadores principales por región y sexo,6893.479,4531.39663452654,4127.3519680352065,404.0446664913332,8.916559265917131,59.873279776948706,65.73453889576713
2025,Región Metropolitana,Ambos,Total,Indicadores principales por región y sexo,6948.607,4579.117438447359,4163.0903504934595,416.02708795389896,9.085311603079592,59.91258896198129,65.8997902521665
2010,Libertador General Bernardo O'Higgins,Ambos,Total,Indicadores principales por región y sexo,680.156,400.2451269226964,372.5125584115166,27.732568511179746,6.928895980421528,54.76869400718609,58.846077506145114
2011,Libertador General Bernardo O'Higgins,Ambos,Total,Indicadores principales por región y sexo,691.407,407.842379010613,383.127495640894,24.714883369719004,6.059910554090767,55.4127302212581,58.987308345245715
2012,Libertador General Bernardo O'Higgins,Ambos,Total,Indicadores principales por región y sexo,702.656,429.4073502583005,404.0800383718056,25.327311886494897,5.89820175906626,57.50751980653486,61.112030674796834
2013,Libertador General Bernardo O'Higgins,Ambos,Total,Indicadores principales por región y sexo,713.6910000017551,442.6049167378899,420.7444449715058,21.86047176638411,4.939048559944004,58.953306819123554,62.01632313379339
2014,Libertador General Bernardo O'Higgins,Ambos,Total,Indicadores principales por región y sexo,724.6720000002238,444.62291791658095,420.5761656558249,24.046752260755994,5.408347453935694,58.03676223942627,61.35505689697458
2015,Libertador General Bernardo O'Higgins,Ambos,Total,Indicadores principales por región y sexo,735.443,446.4109067992453,420.7800094467585,25.63089735248679,5.741548192955155,57.21449649350916,60.69959287113282
2016,Libertador General Bernardo O'Higgins,Ambos,Total,Indicadores principales por región y sexo,746.3720000000001,459.90044921681346,430.2101648735376,29.69028434327579,6.4558067716256415,57.64018008091642,61.618127316782164
2017,Libertador General Bernardo O'Higgins,Ambos,Total,Indicadores principales por región y sexo,758.7950000109762,466.306296649292,434.59791759116075,31.70837905813128,6.799903686906267,57.274747143151195,61.453527849095835
2018,Libertador General Bernardo O'Higgins,Ambos,Total,Indicadores principales por región y sexo,771.4980000065126,472.38483356409216,436.2557412259883,36.12909233810386,7.648232917537548,56.54658096616008,61.22956035661849
2019,Libertador General Bernardo O'Higgins,Ambos,Total,Indicadores principales por región y sexo,784.1870000000011,480.7126112335946,443.62322831272076,37.08938292087381,7.715500291472657,56.571102085691315,61.300762603000805
2020,Libertador General Bernardo O'Higgins,Ambos,Total,Indicadores principales por región y sexo,796.4930000000002,445.03871179697126,397.1284164354209,47.91029536155043,10.765421993987644,49.85962418193516,55.87478004162889
2021,Libertador General Bernardo O'Higgins,Ambos,Total,Indicadores principales por región y sexo,806.6430000018988,438.34446267622826,399.7831198943131,38.56134278191517,8.797041154914167,49.56134496839023,54.341816971720625
2022,Libertador General Bernardo O'Higgins,Ambos,Total,Indicadores principales por región y sexo,815.919,461.0099682353092,428.90974794250866,32.10022029280048,6.963020868220328,52.56768722661301,56.50192828397294
2023,Libertador General Bernardo O'Higgins,Ambos,Total,Indicadores principales por región y sexo,825.4469999999999,470.9261231707518,430.27773585864094,40.648387312110884,8.63158472467502,52.12663391576212,57.051043031321434
2024,Libertador General Bernardo O'Higgins,Ambos,Total,Indicadores principales por región y sexo,835.069,493.38641369863586,450.57214408829566,42.81426961034023,8.67763449126743,53.95627715653385,59.083310923844124
2025,Libertador General Bernardo O'Higgins,Ambos,Total,Indicadores principales por región y sexo,844.658,500.0865582531434,458.8043806058391,41.28217764730424,8.255006451584574,54.318360875743686,59.205803799069365
2010,Maule,Ambos,Total,Indicadores principales por región y sexo,788.3849999999999,434.3611101754502,402.6735687816246,31.68754139382561,7.295206834015631,51.07575217458788,55.095050029547785
2011,Maule,Ambos,Total,Indicadores principales por región y sexo,800.3890000000001,460.31230074826044,428.4527411791762,31.859559569084258,6.921292243829888,53.53056341093845,57.511072834366836
2012,Maule,Ambos,Total,Indicadores principales por región y sexo,812.185,468.2853539630695,437.88254121040023,30.402812752669252,6.492368914673961,53.9141379378344,57.65747384685379
2013,Maule,Ambos,Total,Indicadores principales por región y sexo,823.6930000005773,482.5846624770815,453.4219322727457,29.162730204335777,6.043028813772287,55.047442708925274,58.58792808446148
2014,Maule,Ambos,Total,Indicadores principales por región y sexo,835.3980000000848,499.45427907966825,468.2704021428629,31.183876936805365,6.2435899026167325,56.05356993227364,59.7863867377726
2015,Maule,Ambos,Total,Indicadores principales por región y sexo,847.1539999999999,517.3805329718382,485.9198789490432,31.46065402279499,6.080757202456908,57.3590963330213,61.07278404774554
2016,Maule,Ambos,Total,Indicadores principales por región y sexo,859.1040000000002,513.344717126468,487.13302135441177,26.211695772056288,5.106061267909912,56.70245061766814,59.75350098782779
2017,Maule,Ambos,Total,Indicadores principales por región y sexo,871.961000007039,517.6988483432598,488.3552470139412,29.34360132931854,5.6680831767781505,56.00654696827024,59.37178937350186
2018,Maule,Ambos,Total,Indicadores principales por región y sexo,885.156000006662,537.4561189801652,503.17562295805067,34.280496022114534,6.378287419475756,56.84598228496035,60.71880199378642
2019,Maule,Ambos,Total,Indicadores principales por región y sexo,898.2620000000011,543.4217627994406,507.72432551083483,35.697437288605705,6.569011352197257,56.522966073465675,60.4970223386317
2020,Maule,Ambos,Total,Indicadores principales por región y sexo,910.9050000000001,501.2357322894571,458.31713368149553,42.91859860796151,8.562557663621751,50.31448215582256,55.026125917571754
2021,Maule,Ambos,Total,Indicadores principales por región y sexo,921.8210000020537,489.7554654197321,455.7895572182828,33.965908201449224,6.935279052442963,49.444475360972184,53.12912869403507
2022,Maule,Ambos,Total,Indicadores principales por región y sexo,932.1249999999999,524.448404238662,489.91106494376777,34.53733929489419,6.585459888095532,52.55851575097415,56.26374190571673
2023,Maule,Ambos,Total,Indicadores principales por región y sexo,942.515,553.4574034594162,508.2801161232255,45.1772873361907,8.16273972555206,53.9280665159945,58.721336366998536
2024,Maule,Ambos,Total,Indicadores principales por región y sexo,953.1499999999999,567.3127727546344,522.856066101609,44.45670665302531,7.836366249460958,54.855591050895356,59.519778917760526
2025,Maule,Ambos,Total,Indicadores principales por región y sexo,963.717,560.2809945713823,518.643518470694,41.637476100688396,7.4315346235403315,53.81699383436154,58.137502458852786
2010,Ñuble,Ambos,Total,Indicadores principales por región y sexo,373.07499999999993,201.24130588118956,184.012310144624,17.228995736565544,8.561361526215364,49.32314149825746,53.94124663437368
2011,Ñuble,Ambos,Total,Indicadores principales por región y sexo,377.716,211.58593157583488,192.20697068867798,19.378960887156882,9.15890803458794,50.8866372323857,56.01720117120664
2012,Ñuble,Ambos,Total,Indicadores principales por región y sexo,382.229,224.68237384343274,206.56530600792965,18.117067835503097,8.063413041971758,54.042290356809566,58.7821368455645
2013,Ñuble,Ambos,Total,Indicadores principales por región y sexo,386.48300000111414,225.0851300129957,209.08021797339458,16.004912039601127,7.110603902921999,54.09816679460464,58.239335239155885
2014,Ñuble,Ambos,Total,Indicadores principales por región y sexo,390.6300000000464,226.94285400958853,209.28589977839357,17.656954231195,7.780352595040944,53.57650456400397,58.0966269896223
2015,Ñuble,Ambos,Total,Indicadores principales por región y sexo,394.64,228.12800238359858,211.5502806560478,16.57772172755083,7.266850870712177,53.60588907765249,57.80660915862522
2016,Ñuble,Ambos,Total,Indicadores principales por región y sexo,398.63300000000004,240.71259519934392,223.63613375458672,17.076461444757214,7.094128759907847,56.10075777835419,60.384512872578014
2017,Ñuble,Ambos,Total,Indicadores principales por región y sexo,402.9130000023181,236.49449087152283,218.28930173958622,18.205189131936596,7.697933708665833,54.177775782446915,58.696167874990934
2018,Ñuble,Ambos,Total,Indicadores principales por región y sexo,407.4650000009096,242.62234033590948,222.1051228927443,20.51721744316518,8.456441980882383,54.50900639128478,59.54433885986965
2019,Ñuble,Ambos,Total,Indicadores principales por región y sexo,411.871000000001,243.60740743887203,225.3932371237179,18.21417031515412,7.476854052446895,54.72423091786441,59.14653069501651
2020,Ñuble,Ambos,Total,Indicadores principales por región y sexo,416.116,217.7456300690848,197.53963867577113,20.205991393313678,9.279631185665064,47.47225261123608,52.32810804417153
2021,Ñuble,Ambos,Total,Indicadores principales por región y sexo,419.78200000034326,224.99011341245185,206.03413811487542,18.955975297576412,8.425248118714586,49.08122266193094,53.59689396216795
2022,Ñuble,Ambos,Total,Indicadores principales por región y sexo,423.2029999999999,231.2726956658114,211.92713421130475,19.34556145450667,8.364827243792309,50.07694515665172,54.64817018447682
2023,Ñuble,Ambos,Total,Indicadores principales por región y sexo,426.54200000000003,235.48814931143076,213.69588415409,21.792265157340722,9.254081456354166,50.09961132879997,55.208666277044394
2024,Ñuble,Ambos,Total,Indicadores principales por región y sexo,429.9940000000001,239.98082990835445,216.13106941486166,23.849760493492788,9.938194022664518,50.26374075332717,55.810274075534636
2025,Ñuble,Ambos,Total,Indicadores principales por región y sexo,433.26199999999994,247.5255998269435,223.6169879508269,23.90861187611662,9.659046132130262,51.612416494136795,57.13069685939306
2010,Biobío,Ambos,Total,Indicadores principales por región y sexo,1220.041,699.7091218390166,634.0910540647109,65.61806777430577,9.377906579500424,51.97292993142943,57.351279329056695
2011,Biobío,Ambos,Total,Indicadores principales por región y sexo,1234.707,707.0806232079943,648.1656813635291,58.91494184446529,8.332139208845907,52.4955055218387,57.26707819814696
2012,Biobío,Ambos,Total,Indicadores principales por región y sexo,1248.913,706.2708605674496,646.4487408109992,59.82211975645044,8.470138454867964,51.76091055269656,56.550845460608514
2013,Biobío,Ambos,Total,Indicadores principales por región y sexo,1262.2760000020585,699.1925195620518,642.8475561467029,56.344963415348765,8.05857640620085,50.92765418542812,55.391413570479955
2014,Biobío,Ambos,Total,Indicadores principales por región y sexo,1275.1710000000553,705.2560533968162,645.1182286455168,60.13782475129944,8.527090900056772,50.590723020323445,55.306782650859034
2015,Biobío,Ambos,Total,Indicadores principales por región y sexo,1287.3600000000001,728.4851969920372,670.993063792955,57.492133199082176,7.892011181074225,52.12163371496356,56.587527730552225
2016,Biobío,Ambos,Total,Indicadores principales por región y sexo,1299.324,728.4269236690683,674.9959622678523,53.43096140121599,7.335116216199913,51.94978021400761,56.06199251834556
2017,Biobío,Ambos,Total,Indicadores principales por región y sexo,1311.4620000085422,733.116497025332,676.121480601012,56.99501642432003,7.774346458657119,51.55479004321957,55.9007044825208
2018,Biobío,Ambos,Total,Indicadores principales por región y sexo,1323.7820000038814,746.3361317584578,689.3930220758784,56.94310968257934,7.629686847454983,52.077534070855855,56.37908143155514
2019,Biobío,Ambos,Total,Indicadores principales por región y sexo,1335.5290000000016,760.110788745107,704.6554005773748,55.455388167732124,7.295698073077654,52.76226877719421,56.91458506293058
2020,Biobío,Ambos,Total,Indicadores principales por región y sexo,1346.5900000000001,687.0165772676401,619.5546549624058,67.46192230523428,9.819547961060806,46.009153117311556,51.01898701665986
2021,Biobío,Ambos,Total,Indicadores principales por región y sexo,1355.7390000017767,691.9231969483667,637.5701246938289,54.353072254537864,7.855362053802317,47.02749752666209,51.036607853536694
2022,Biobío,Ambos,Total,Indicadores principales por región y sexo,1364.5450000000003,738.7772530757067,685.2313720418292,53.54588103387758,7.24790602457686,50.21683946237236,54.140922657421086
2023,Biobío,Ambos,Total,Indicadores principales por región y sexo,1373.0040000000001,752.6528281044681,692.1510467493989,60.501781355069106,8.038471270670822,50.411437020532986,54.817963247337076
2024,Biobío,Ambos,Total,Indicadores principales por región y sexo,1381.7489999999998,780.5963745359304,713.9457696495028,66.65060488642764,8.538421015092704,51.66971495181129,56.493355489016494
2025,Biobío,Ambos,Total,Indicadores principales por región y sexo,1390.604,789.45790125308,715.3079861750523,74.14991507802762,9.392510349232296,51.43865443901012,56.770863686073106
2010,La Araucanía,Ambos,Total,Indicadores principales por región y sexo,730.8549999999999,419.93725553543527,383.51439518771895,36.4228603477163,8.673405340346818,52.47475835668074,57.45835432957773
2011,La Araucanía,Ambos,Total,Indicadores principales por región y sexo,740.145,425.50589195208414,390.47831256318176,35.02757938890241,8.231984574457277,52.757002014900024,57.48953136913498
2012,La Araucanía,Ambos,Total,Indicadores principales por región y sexo,749.28,448.27585570306024,414.7426033814914,33.533252321568824,7.480494854887164,55.35215184997483,59.82754854034009
2013,La Araucanía,Ambos,Total,Indicadores principales por región y sexo,757.6610000015905,466.23828903185967,433.57074278214253,32.667546249717105,7.006620223652378,57.22489910147577,61.536530061713734
2014,La Araucanía,Ambos,Total,Indicadores principales por región y sexo,765.859000000089,475.5845544529245,445.14508311175774,30.439471341166737,6.400433120916203,58.12363413000382,62.09818706222284
2015,La Araucanía,Ambos,Total,Indicadores principales por región y sexo,773.6370000000002,460.36971416386126,426.9434656022753,33.42624856158592,7.2607401254219734,55.1865365284074,59.50719965098117
2016,La Araucanía,Ambos,Total,Indicadores principales por región y sexo,781.2040000000001,465.30689436719416,432.03521158904,33.271682778154165,7.1504813663684965,55.303763368984285,59.56278953604872
2017,La Araucanía,Ambos,Total,Indicadores principales por región y sexo,788.9740000052138,473.3724487598148,433.74946057009254,39.622988189722236,8.370362131030276,54.976394731287236,59.998485217090355
2018,La Araucanía,Ambos,Total,Indicadores principales por región y sexo,796.7350000026964,470.4031194310572,436.0384461309741,34.36467330008308,7.305366797236899,54.7281650899607,59.04135244836303
2019,La Araucanía,Ambos,Total,Indicadores principales por región y sexo,804.4210000000005,470.9870215431795,437.8974589063578,33.08956263682167,7.0255784391689575,54.43635346495896,58.54981676798333
2020,La Araucanía,Ambos,Total,Indicadores principales por región y sexo,811.751,396.1716953203874,358.8509829220856,37.32071239830179,9.420337908825164,44.20702689889949,48.804583587872074
2021,La Araucanía,Ambos,Total,Indicadores principales por región y sexo,818.0190000005252,394.1624955446106,366.30460179017524,27.857893754435338,7.067616546303918,44.77947355623036,48.18500493807081
2022,La Araucanía,Ambos,Total,Indicadores principales por región y sexo,823.9569999999999,442.18987217322154,407.52531329180437,34.66455888141721,7.839292815787935,49.45953651608087,53.666620002405665
2023,La Araucanía,Ambos,Total,Indicadores principales por región y sexo,829.843,456.09056541507346,419.72750161279737,36.3630638022761,7.972772637641219,50.57914588817371,54.9610667819182
2024,La Araucanía,Ambos,Total,Indicadores principales por región y sexo,836.1010000000001,474.61548479821573,427.3569894111795,47.2584953870362,9.957217347665827,51.113081961530895,56.76532916456453
2025,La Araucanía,Ambos,Total,Indicadores principales por región y sexo,841.9509999999999,483.8145460905835,441.3614103277675,42.45313576281603,8.7746712259593,52.4212703978934,57.46350394388552
2010,Los Ríos,Ambos,Total,Indicadores principales por región y sexo,297.257,161.52642888706725,146.2511092856524,15.275319601414836,9.456854650141942,49.20022380823745,54.33898239135403
2011,Los Ríos,Ambos,Total,Indicadores principales por región y sexo,300.7900000000001,171.16871520349275,157.6530964864347,13.515618717058057,7.896080017303459,52.4130112325658,56.90638492087261
2012,Los Ríos,Ambos,Total,Indicadores principales por región y sexo,304.212,180.4774052440235,168.21408019177366,12.263325052249842,6.794936482862552,55.295018011049414,59.326195299338444
2013,Los Ríos,Ambos,Total,Indicadores principales por región y sexo,307.35700000056704,186.7158868698106,175.95266152723553,10.763225342575074,5.7644935966695945,57.246999914402764,60.74886430745553
2014,Los Ríos,Ambos,Total,Indicadores principales por región y sexo,310.547000000034,185.66718111402855,176.48401921365797,9.183161900370601,4.94603399764588,56.83005123657245,59.78714368968569
2015,Los Ríos,Ambos,Total,Indicadores principales por región y sexo,313.56399999999996,187.52435829443547,178.78297994235902,8.741378352076454,4.66146287958573,57.01642406091231,59.80417340461135
2016,Los Ríos,Ambos,Total,Indicadores principales por región y sexo,316.665,193.92443480922955,184.96953968282097,8.954895126408578,4.61772397852691,58.411741014264585,61.23961751669099
2017,Los Ríos,Ambos,Total,Indicadores principales por región y sexo,319.9160000027044,203.25499348801958,193.78319359126243,9.471799896757155,4.660057661665985,60.57314844822525,63.53386310353385
2018,Los Ríos,Ambos,Total,Indicadores principales por región y sexo,323.15300000171817,201.43038411976306,191.05921641367033,10.371167706092733,5.148760327998192,59.12345434288232,62.33282195080723
2019,Los Ríos,Ambos,Total,Indicadores principales por región y sexo,326.1530000000004,200.2252070769291,189.89818479631035,10.327022280618758,5.157703383795719,58.22365110739748,61.38996332301983
2020,Los Ríos,Ambos,Total,Indicadores principales por región y sexo,329.153,177.23231206253797,159.46904399211294,17.763268070425028,10.022590047889858,48.44830337019956,53.84496330355123
2021,Los Ríos,Ambos,Total,Indicadores principales por región y sexo,331.7400000002367,177.89034600186847,162.96045050995997,14.929895491908466,8.392751955045188,49.12294281963094,53.62342376612453
2022,Los Ríos,Ambos,Total,Indicadores principales por región y sexo,334.155,188.02519142920897,176.29214355795756,11.733047871251419,6.24014674952153,52.75759559424744,56.26885470192246
2023,Los Ríos,Ambos,Total,Indicadores principales por región y sexo,336.622,194.22905928120926,177.9887805684037,16.24027871280553,8.361405225822818,52.874969719270794,57.699454961710536
2024,Los Ríos,Ambos,Total,Indicadores principales por región y sexo,339.132,199.89565527479908,183.86695393245674,16.028701342342362,8.01853412987266,54.216928491695484,58.94331861186768
2025,Los Ríos,Ambos,Total,Indicadores principales por región y sexo,341.73699999999997,202.6792932746648,186.3586002314465,16.320693043218288,8.052471853205539,54.532754788462036,59.30855987928284
2010,Los Lagos,Ambos,Total,Indicadores principales por región y sexo,626.18,368.6225106684897,341.5999453249833,27.02256534350641,7.330687779892095,54.55299519706528,58.86845805814458
2011,Los Lagos,Ambos,Total,Indicadores principales por región y sexo,636.131,370.738512979027,352.6348987504714,18.10361422855553,4.883122091386191,55.434320721749366,58.28021476378717
2012,Los Lagos,Ambos,Total,Indicadores principales por región y sexo,645.938,392.38902884377694,376.8950551188372,15.493973724939737,3.948625620495725,58.3484877989586,60.74716595768896
2013,Los Lagos,Ambos,Total,Indicadores principales por región y sexo,655.0720000021399,409.69945342943026,396.7498654336477,12.949587995782545,3.1607530562676427,60.56584092013575,62.54265995617152
2014,Los Lagos,Ambos,Total,Indicadores principales por región y sexo,664.0680000001249,415.41588060303394,398.5662302993004,16.849650303733554,4.056092000930234,60.01888817097427,62.55622626040643
2015,Los Lagos,Ambos,Total,Indicadores principales por región y sexo,672.7809999999998,410.9275766035554,397.2530714305419,13.674505173013495,3.3277165981503467,59.046416505600185,61.07895089242346
2016,Los Lagos,Ambos,Total,Indicadores principales por región y sexo,681.4979999999999,408.8638723864631,397.3004463287293,11.563426057733706,2.828184840651271,58.29810892016255,59.99487487658997
2017,Los Lagos,Ambos,Total,Indicadores principales por región y sexo,690.2770000039408,419.16165531814516,403.305027786724,15.85662753142118,3.7829384749866835,58.426548731077744,60.72368850704169
2018,Los Lagos,Ambos,Total,Indicadores principales por región y sexo,699.3300000016296,415.3342243733697,400.7624527062269,14.571771667142809,3.5084447204243245,57.30662958907712,59.39030563144752
2019,Los Lagos,Ambos,Total,Indicadores principales por región y sexo,708.1670000000007,430.57831455557215,415.21184018770765,15.366474367864553,3.568798949785776,58.63191029625882,60.80180445510335
2020,Los Lagos,Ambos,Total,Indicadores principales por región y sexo,716.686,353.82301312146524,332.31050102488103,21.51251209658415,6.080020603181919,46.3676562713491,49.36932117014498
2021,Los Lagos,Ambos,Total,Indicadores principales por región y sexo,724.4470000007241,343.9155377973754,331.6446922616847,12.270845535690675,3.5679823058533304,45.77901382176381,47.4728362181128
2022,Los Lagos,Ambos,Total,Indicadores principales por región y sexo,731.48,356.46969431713484,342.46460159157607,14.005092725558839,3.92883124395398,46.818040355385804,48.73266450444781
2023,Los Lagos,Ambos,Total,Indicadores principales por región y sexo,739.054,385.0323123623176,368.7768052081419,16.255507154175735,4.221855317659472,49.89849256050869,52.09799451221665
2024,Los Lagos,Ambos,Total,Indicadores principales por región y sexo,746.9249999999998,429.76800049079253,410.9802797823346,18.787720708457886,4.371595997608575,55.02296479329715,57.53830712465008
2025,Los Lagos,Ambos,Total,Indicadores principales por región y sexo,754.128,427.9222479655594,402.7100495174147,25.212198448144704,5.891770892494906,53.40075551065796,56.743980858098276
2010,Aysén del General Carlos Ibáñez del Campo,Ambos,Total,Indicadores principales por región y sexo,74.89399999999999,49.84739447780945,47.31467422814039,2.532720249669056,5.080948114141746,63.17552037298102,66.55726023153986
2011,Aysén del General Carlos Ibáñez del Campo,Ambos,Total,Indicadores principales por región y sexo,75.90400000000001,53.20758168181663,50.96107954262972,2.24650213918691,4.222146671918072,67.1388590095775,70.09852139784019
2012,Aysén del General Carlos Ibáñez del Campo,Ambos,Total,Indicadores principales por región y sexo,76.875,53.211720745390004,50.95724353762941,2.254477207760599,4.236805681492485,66.28584525220086,69.21849853058862
2013,Aysén del General Carlos Ibáñez del Campo,Ambos,Total,Indicadores principales por región y sexo,77.72800000011475,54.58307594342667,51.98284372684979,2.60023221657689,4.76380667749823,66.87788663901432,70.22318333592284
2014,Aysén del General Carlos Ibáñez del Campo,Ambos,Total,Indicadores principales por región y sexo,78.5880000000172,55.64084409170713,53.49124600363125,2.1495980880758823,3.863345574939372,68.0654120267974,70.80068724448383
2015,Aysén del General Carlos Ibáñez del Campo,Ambos,Total,Indicadores principales por región y sexo,79.437,56.77655514594988,54.766341849227096,2.010213296722782,3.5405693275249366,68.94311447968465,71.47369002599528
2016,Aysén del General Carlos Ibáñez del Campo,Ambos,Total,Indicadores principales por región y sexo,80.25300000000001,57.64502758619599,55.95107326406792,1.6939543221280624,2.938595735070316,69.71835727520205,71.82912487532676
2017,Aysén del General Carlos Ibáñez del Campo,Ambos,Total,Indicadores principales por región y sexo,81.16800000080669,59.103035527793665,57.182765146668835,1.9202703811248252,3.249021584046733,70.44988806684965,72.81568540213664
2018,Aysén del General Carlos Ibáñez del Campo,Ambos,Total,Indicadores principales por región y sexo,82.10200000061995,59.62444572851878,57.54986302911677,2.074582699402005,3.479416326732775,70.09556774339507,72.62240350791522
2019,Aysén del General Carlos Ibáñez del Campo,Ambos,Total,Indicadores principales por región y sexo,83.01200000000017,59.677157384331245,57.19559162081804,2.4815657635132062,4.1583176415918945,68.90038984823632,71.88979591424265
2020,Aysén del General Carlos Ibáñez del Campo,Ambos,Total,Indicadores principales por región y sexo,83.951,57.75609167113132,53.90063371960209,3.855457951529238,6.67541351911861,64.20487393789483,68.79738379665677
2021,Aysén del General Carlos Ibáñez del Campo,Ambos,Total,Indicadores principales por región y sexo,84.68800000016009,57.22903754068947,54.68075572976911,2.5482818109203524,4.452777681449808,64.56730083325353,67.5763243205428
2022,Aysén del General Carlos Ibáñez del Campo,Ambos,Total,Indicadores principales por región y sexo,85.375,60.95851332733163,57.94638381286391,3.0121295144677314,4.941277846284351,67.8727775260485,71.40089408765053
2023,Aysén del General Carlos Ibáñez del Campo,Ambos,Total,Indicadores principales por región y sexo,86.072,62.09470971750691,58.93579854956683,3.158911167940075,5.087246856151186,68.47267235519894,72.14275225103043
2024,Aysén del General Carlos Ibáñez del Campo,Ambos,Total,Indicadores principales por región y sexo,86.836,61.71287940543488,58.77282868367594,2.9400507217589436,4.764079637969414,67.68256101579522,71.06831199667751
2025,Aysén del General Carlos Ibáñez del Campo,Ambos,Total,Indicadores principales por región y sexo,87.458,62.278818292253376,59.67728566088742,2.6015326313659584,4.177235057925871,68.23536515914773,71.20997312110198
2010,Magallanes y de la Antártica Chilena,Ambos,Total,Indicadores principales por región y sexo,126.31399999999998,73.98975205894452,69.75256213941115,4.237189919533367,5.7267253932109075,55.22156066580993,58.57605020737569
2011,Magallanes y de la Antártica Chilena,Ambos,Total,Indicadores principales por región y sexo,127.97200000000001,79.64148561152993,75.51832179953252,4.123163811997425,5.177155825682516,59.01159769288008,62.233524217430315
2012,Magallanes y de la Antártica Chilena,Ambos,Total,Indicadores principales por región y sexo,129.689,80.85996160975706,77.52609838490042,3.333863224856639,4.123008666447789,59.77846878679026,62.349128769407635
2013,Magallanes y de la Antártica Chilena,Ambos,Total,Indicadores principales por región y sexo,131.31100000077456,80.95620824453626,77.61890711915137,3.33730112538489,4.1223535510757126,59.11074252628761,61.65226694188508
2014,Magallanes y de la Antártica Chilena,Ambos,Total,Indicadores principales por región y sexo,132.96500447073262,84.07266260498407,81.57750930844652,2.4951532965375516,2.9678533059682493,61.352616527308,63.229165403058815
2015,Magallanes y de la Antártica Chilena,Ambos,Total,Indicadores principales por región y sexo,134.689000000362,86.81687702454226,83.63729099152859,3.179586033013681,3.6624054469441973,62.096601052278814,64.45728828954772
2016,Magallanes y de la Antártica Chilena,Ambos,Total,Indicadores principales por región y sexo,136.48400000006296,89.4260127675237,85.60999417168277,3.816018595840927,4.26723553666788,62.72529686383993,65.52124261267434
2017,Magallanes y de la Antártica Chilena,Ambos,Total,Indicadores principales por región y sexo,138.52000000303917,91.18996609331495,88.1141409925323,3.0758251007826547,3.3729863411015573,63.611132681633734,65.83162438009978
2018,Magallanes y de la Antártica Chilena,Ambos,Total,Indicadores principales por región y sexo,141.01900000214442,96.2763342348909,92.929177412172,3.3471568227188992,3.4766143199352078,65.89833810391426,68.27188835080865
2019,Magallanes y de la Antártica Chilena,Ambos,Total,Indicadores principales por región y sexo,143.52100000000044,97.31826161403445,93.77346473685273,3.5447968771817204,3.6424786246598124,65.33780055661015,67.8076808369745
2020,Magallanes y de la Antártica Chilena,Ambos,Total,Indicadores principales por región y sexo,145.978,86.93719786909901,80.96669143392486,5.970506435174153,6.8676085513636185,55.464995707520906,59.554999978831745
2021,Magallanes y de la Antártica Chilena,Ambos,Total,Indicadores principales por región y sexo,147.79800000063636,92.49199894860838,87.43855782490614,5.053441123702242,5.463652187374716,59.16085320811491,62.580007136909934
2022,Magallanes y de la Antártica Chilena,Ambos,Total,Indicadores principales por región y sexo,149.278,97.47936087953467,92.96390631061962,4.5154545689150325,4.63221601800944,62.275691200725916,65.30055391922096
2023,Magallanes y de la Antártica Chilena,Ambos,Total,Indicadores principales por región y sexo,150.716,101.79850662109862,96.3330537869129,5.465452834185728,5.368892939194616,63.91693900243697,67.54326456454433
2024,Magallanes y de la Antártica Chilena,Ambos,Total,Indicadores principales por región y sexo,152.14099999999996,102.24624264729741,96.55256368347632,5.693678963821077,5.568594812292179,63.46255360716463,67.20492349024748
2025,Magallanes y de la Antártica Chilena,Ambos,Total,Indicadores principales por región y sexo,153.529,104.59740500084683,98.39357391450093,6.203831086345904,5.931152007352073,64.08794033342295,68.12876069071436
2010,Chile,Hombres,Total,Indicadores principales por región y sexo,6478.924000000305,4808.368056235314,4459.6063529010835,348.7617033342297,7.25322394740495,68.83251528958935,74.21553418800849
2011,Chile,Hombres,Total,Indicadores principales por región y sexo,6582.4040000133955,4925.412691237452,4618.374617235083,307.0380740023697,6.233753255815604,70.16243027966203,74.82695822419026
2012,Chile,Hombres,Total,Indicadores principales por región y sexo,6684.342000005756,4980.457764478288,4702.972522815973,277.4852416623137,5.571480670740731,70.35804755070767,74.50931990723993
2013,Chile,Hombres,Total,Indicadores principales por región y sexo,6777.402001065268,5029.46248370496,4758.132741629836,271.3297420751243,5.394805964935817,70.2058508685475,74.20929853230533
2014,Chile,Hombres,Total,Indicadores principales por región y sexo,6871.179004507376,5094.453619791495,4784.237720805375,310.2158989861199,6.089286941016776,69.62761001666522,74.14235048234983
2015,Chile,Hombres,Total,Indicadores principales por región y sexo,6963.942000000362,5179.327554874515,4877.070802660578,302.2567522139374,5.835830018695553,70.03319100963684,74.37350217555296
2016,Chile,Hombres,Total,Indicadores principales por región y sexo,7063.599000001934,5234.751047760905,4905.112345327265,329.6387024336399,6.297122813025435,69.44211223380492,74.10883669584686
2017,Chile,Hombres,Total,Indicadores principales por región y sexo,7195.818000313497,5344.908057912761,4995.416025190891,349.49203272187003,6.538784744940029,69.42110021366936,74.27797725956803
2018,Chile,Hombres,Total,Indicadores principales por región y sexo,7362.719000354889,5460.3365341796725,5092.879049852966,367.45748432670626,6.7295757693057805,69.17117235640102,74.16195747680278
2019,Chile,Hombres,Total,Indicadores principales por región y sexo,7532.961000005685,5542.8783364492865,5173.233472811922,369.64486363736455,6.668825133805037,68.67463501812924,73.58166777240854
2020,Chile,Hombres,Total,Indicadores principales por región y sexo,7695.859000000081,5199.033855784593,4664.358997295831,534.6748584887616,10.284119575291228,60.60868575289362,67.55625143060102
2021,Chile,Hombres,Total,Indicadores principales por región y sexo,7801.312005092226,5343.163357753002,4883.980773735796,459.1825840172059,8.593833900865596,62.6046076678875,68.49057381970248
2022,Chile,Hombres,Total,Indicadores principales por región y sexo,7878.851000000061,5530.469107136355,5119.523716472925,410.9453906634304,7.430570222933865,64.97804967339636,70.19385322982136
2023,Chile,Hombres,Total,Indicadores principales por región y sexo,7952.599000498017,5647.105356364398,5174.479539295862,472.6258170685356,8.369346545586883,65.06652151041213,71.00955745424558
2024,Chile,Hombres,Total,Indicadores principales por región y sexo,8027.132000000319,5761.924476454697,5308.551240803664,453.37323565103236,7.868434192493829,66.13260179106875,71.78061201004877
2025,Chile,Hombres,Total,Indicadores principales por región y sexo,8100.8760000189,5803.981913073325,5338.641474668619,465.34043840470565,8.017606625488234,65.90202682594034,71.64634927210074
2010,Arica y Parinacota,Hombres,Total,Indicadores principales por región y sexo,80.82299999999998,60.46920958984231,56.62109323610402,3.848116353738289,6.363761623212453,70.05566885181696,74.81683380948779
2011,Arica y Parinacota,Hombres,Total,Indicadores principales por región y sexo,82.397,61.193379632243364,56.768194666579284,4.425184965664075,7.231476660152307,68.89594847698251,74.266514111246
2012,Arica y Parinacota,Hombres,Total,Indicadores principales por región y sexo,84.064,61.34077998340514,58.28735492314695,3.0534250602581934,4.977806055097854,69.33688014268527,72.96914253831027
2013,Arica y Parinacota,Hombres,Total,Indicadores principales por región y sexo,85.48100013200533,60.97242000308649,57.78046507165956,3.1919549314269244,5.235079944777236,67.59451221023525,71.32862262833717
2014,Arica y Parinacota,Hombres,Total,Indicadores principales por región y sexo,86.93200002026596,61.81207065902138,57.23813596906497,4.5739346899564115,7.399743514803046,65.84242391262293,71.1039325502824
2015,Arica y Parinacota,Hombres,Total,Indicadores principales por región y sexo,88.44,63.1453254601072,59.4870516503246,3.6582738097826053,5.793419834527201,67.26260928349683,71.3990563773261
2016,Arica y Parinacota,Hombres,Total,Indicadores principales por región y sexo,90.05800000000009,63.54641566849063,60.20383591084483,3.342579757645813,5.260060260650114,66.85006985592037,70.56165545369714
2017,Arica y Parinacota,Hombres,Total,Indicadores principales por región y sexo,91.89100000592573,65.76475090336345,61.91605084391849,3.8487000594449623,5.852223275505671,67.3798857776341,71.56821766998131
2018,Arica y Parinacota,Hombres,Total,Indicadores principales por región y sexo,94.6540000026198,67.56597644185074,62.67459193818025,4.891384503670489,7.239419544066174,66.21441453762712,71.3820614448208
2019,Arica y Parinacota,Hombres,Total,Indicadores principales por región y sexo,97.36200000000058,69.19741408782522,65.33279671117809,3.864617376647126,5.584915892582577,67.10297314268165,71.07230139872313
2020,Arica y Parinacota,Hombres,Total,Indicadores principales por región y sexo,99.86599999999999,65.13283889605869,60.3735079284088,4.7593309676498885,7.307114273408224,60.454516981163565,65.22023400963161
2021,Arica y Parinacota,Hombres,Total,Indicadores principales por región y sexo,101.63300000108187,66.15851637341396,62.68534106849106,3.473175304922901,5.249778101612038,61.67813708915785,65.09550674752268
2022,Arica y Parinacota,Hombres,Total,Indicadores principales por región y sexo,103.006,68.78711218509498,64.42711070007215,4.360001485022831,6.338398787974661,62.546949401075814,66.77971398277283
2023,Arica y Parinacota,Hombres,Total,Indicadores principales por región y sexo,104.41,68.97150895199653,63.485594626365234,5.485914325631291,7.953884740218503,60.80413238805213,66.0583363202725
2024,Arica y Parinacota,Hombres,Total,Indicadores principales por región y sexo,105.85499999999999,70.58955116655963,64.94744450195043,5.642106664609206,7.9928354428778965,61.35510320905998,66.68513642866151
2025,Arica y Parinacota,Hombres,Total,Indicadores principales por región y sexo,107.29300000000003,73.14603739194872,68.11854539666619,5.02749199528254,6.873225364681098,63.48834070877519,68.1741002599878
2010,Tarapacá,Hombres,Total,Indicadores principales por región y sexo,111.79899999999995,87.48795078470665,83.10978723187225,4.378163552834407,5.004304608309255,74.33857836999641,78.25468097631168
2011,Tarapacá,Hombres,Total,Indicadores principales por región y sexo,114.68100000000001,90.58013977622552,86.51475564831291,4.065384127912616,4.488162789278069,75.43948487396595,78.98443489002146
2012,Tarapacá,Hombres,Total,Indicadores principales por región y sexo,117.607,89.2739019991952,85.36960414831383,3.904297850881384,4.373392182316149,72.58888003972027,75.90866359927148
2013,Tarapacá,Hombres,Total,Indicadores principales por región y sexo,120.32600000598269,91.32418193124242,85.59581993327662,5.728361997965812,6.272557691541842,71.13659552301309,75.89729728130389
2014,Tarapacá,Hombres,Total,Indicadores principales por región y sexo,123.11300001267388,95.474876588778,89.98430606824722,5.490570520530772,5.750801380115245,73.09082392516126,77.5506051992473
2015,Tarapacá,Hombres,Total,Indicadores principales por región y sexo,125.85200000000005,97.41029283890971,90.72021757740183,6.69007526150788,6.867934657142912,72.08484376680688,77.40067129557708
2016,Tarapacá,Hombres,Total,Indicadores principales por región y sexo,128.53400000186983,98.30959900595515,90.26311706710659,8.04648193884857,8.184838530733048,70.22508991068005,76.48528716489412
2017,Tarapacá,Hombres,Total,Indicadores principales por región y sexo,131.7530001396831,102.14721187128372,94.4398241215064,7.70738774977732,7.5453726132921215,71.67944868153462,77.52932514856462
2018,Tarapacá,Hombres,Total,Indicadores principales por región y sexo,137.2350002500591,102.74722574337673,93.95999039220303,8.787235351173715,8.552284781995834,68.46649194520081,74.8695489898048
2019,Tarapacá,Hombres,Total,Indicadores principales por región y sexo,142.96200000566037,107.13072000396996,99.22390058847571,7.9068194154942315,7.380534187767269,69.40578656184657,74.93650060836325
2020,Tarapacá,Hombres,Total,Indicadores principales por región y sexo,148.64000000003955,101.75902869356099,92.07032098058745,9.688707712973555,9.521226605012425,61.941819820077335,68.46005697896523
2021,Tarapacá,Hombres,Total,Indicadores principales por región y sexo,152.09800318635396,105.5134278191454,96.89602216401117,8.617405655134236,8.167117525463057,63.70630786341878,69.37200068949487
2022,Tarapacá,Hombres,Total,Indicadores principales por región y sexo,154.49600000004162,115.7860758053078,105.73122358602137,10.054852219286438,8.68399084203656,68.4362207345128,74.94438419459183
2023,Tarapacá,Hombres,Total,Indicadores principales por región y sexo,156.74000049794392,116.25191573958537,107.68771579221185,8.564199947373513,7.366932314954777,68.70468001154848,74.16863300387084
2024,Tarapacá,Hombres,Total,Indicadores principales por región y sexo,159.0560000003191,119.87904525616368,112.65254522655448,7.226500029609209,6.028159478720617,70.82571247002846,75.369080862038
2025,Tarapacá,Hombres,Total,Indicadores principales por región y sexo,161.39500001525448,120.17868261962307,109.64116586485687,10.537516754766196,8.768207909316526,67.93343403110008,74.46245708247729
2010,Antofagasta,Hombres,Total,Indicadores principales por región y sexo,215.95400000030577,172.02374305844083,159.68402207212202,12.339720986318788,7.173266182288961,73.94353523060279,79.65758590171855
2011,Antofagasta,Hombres,Total,Indicadores principales por región y sexo,219.74500001339553,173.90114466998523,163.53112235684014,10.370022313145073,5.963170819159597,74.41858624627244,79.13770263686742
2012,Antofagasta,Hombres,Total,Indicadores principales por región y sexo,223.47900000575552,172.19451817347743,164.40013525331418,7.794382920163275,4.526498870487167,73.56401954952375,77.05176690831922
2013,Antofagasta,Hombres,Total,Indicadores principales por región y sexo,227.41000089116034,178.52333985189162,169.1097694307808,9.413570421110828,5.273019443239528,74.36338277476094,78.50285350349823
2014,Antofagasta,Hombres,Total,Indicadores principales por región y sexo,231.7030000011744,181.0233478691294,169.27578531648163,11.74756255264775,6.489528942498973,73.05722641296127,78.12732155742992
2015,Antofagasta,Hombres,Total,Indicadores principales por región y sexo,235.492,179.50074580426974,166.51359248188686,12.987153322382884,7.235152848080236,70.7088106950074,76.22371282432938
2016,Antofagasta,Hombres,Total,Indicadores principales por región y sexo,239.44500000000005,185.5107050967507,170.3097468528762,15.20095824387454,8.194113776855453,71.12687542144383,77.47528872883154
2017,Antofagasta,Hombres,Total,Indicadores principales por región y sexo,244.35800001238084,184.364224012294,168.33949614938874,16.024727862905255,8.691885830212197,68.89051970504731,75.44840930231581
2018,Antofagasta,Hombres,Total,Indicadores principales por región y sexo,253.605000007246,196.2868418263986,180.555935843967,15.730905982431587,8.014243764920536,71.19573188178789,77.39864822096973
2019,Antofagasta,Hombres,Total,Indicadores principales por región y sexo,263.4050000000035,201.8357896229552,187.88161542788444,13.954174195070754,6.913627271525148,71.32803683600613,76.62564857271218
2020,Antofagasta,Hombres,Total,Indicadores principales por región y sexo,273.2770000000405,193.426087425082,171.55633062825586,21.86975679682611,11.306518726589415,62.77744948467322,70.78022937351234
2021,Antofagasta,Hombres,Total,Indicadores principales por región y sexo,278.61200187292854,205.31078923084155,185.15240207088075,20.158387159960792,9.818474341012674,66.45528578317543,73.69057608813323
2022,Antofagasta,Hombres,Total,Indicadores principales por región y sexo,281.7770000000191,213.0223522024161,196.0848026163767,16.937549586039406,7.951066829806276,69.58864726942349,75.59962388782678
2023,Antofagasta,Hombres,Total,Indicadores principales por región y sexo,284.54400000007166,214.65125961424596,197.17371661457565,17.477542999670327,8.14229696628828,69.29463162622511,75.436930532428
2024,Antofagasta,Hombres,Total,Indicadores principales por región y sexo,287.2459999999999,218.05829343996396,201.11590084723105,16.942392592732922,7.769662105237709,70.01521373569382,75.91343080146076
2025,Antofagasta,Hombres,Total,Indicadores principales por región y sexo,289.8770000036459,220.59009614127476,207.15262574642125,13.437470394853516,6.091601857885596,71.46224976242192,76.09782636721792
2010,Atacama,Hombres,Total,Indicadores principales por región y sexo,108.96699999999998,85.3517178594523,79.9081690330271,5.4435488264252,6.377784727647813,73.33244838623354,78.32804230588371
2011,Atacama,Hombres,Total,Indicadores principales por región y sexo,110.41600000000001,85.24815354642952,80.83147604102852,4.416677505400985,5.180965594750962,73.20630709410639,77.20634106146709
2012,Atacama,Hombres,Total,Indicadores principales por región y sexo,111.763,85.83226055963638,82.00396351647464,3.828297043161747,4.460207640112007,73.37308726186184,76.79845795087496
2013,Atacama,Hombres,Total,Indicadores principales por región y sexo,113.08700000026535,86.62223816894972,82.39217194672644,4.230066222223289,4.883349024038012,72.85733280265026,76.59787435226548
2014,Atacama,Hombres,Total,Indicadores principales por región y sexo,114.38000000002627,87.97310110476246,81.88947381644596,6.083627288316512,6.915326630434279,71.59422435428148,76.91301023320707
2015,Atacama,Hombres,Total,Indicadores principales por región y sexo,115.62399999999995,85.38578173588574,80.30740193343719,5.078379802448551,5.947570777248293,69.45565101833289,73.84780126607431
2016,Atacama,Hombres,Total,Indicadores principales por región y sexo,116.85300000000002,86.71529170762508,79.30949537873806,7.40579632888702,8.54035797268247,67.87116751708389,74.20887072443588
2017,Atacama,Hombres,Total,Indicadores principales por región y sexo,118.09600000318227,90.27178701774882,83.59760073686073,6.6741862808881045,7.393435425816769,70.78783424892296,76.43932649312111
2018,Atacama,Hombres,Total,Indicadores principales por región y sexo,119.75100000072177,92.53899871580919,85.07349028747377,7.465508428335412,8.067418636398125,71.04198736291222,77.27618033690861
2019,Atacama,Hombres,Total,Indicadores principales por región y sexo,121.35400000000017,93.08181354763994,85.69749062395151,7.384322923688418,7.933153257600711,70.61777166302832,76.70271564813669
2020,Atacama,Hombres,Total,Indicadores principales por región y sexo,122.93700000000003,88.30799731875526,78.90570518918155,9.40229212957371,10.647158145411602,64.18385448577851,71.83191172613228
2021,Atacama,Hombres,Total,Indicadores principales por región y sexo,124.03700000025817,89.09853874206094,80.76122219322265,8.337316548838277,9.357411093996387,65.11058973778351,71.83222646619596
2022,Atacama,Hombres,Total,Indicadores principales por región y sexo,124.94200000000002,91.49355664760323,84.63717020659263,6.8563864410106055,7.493846225061157,67.74116806725729,73.22882349218295
2023,Atacama,Hombres,Total,Indicadores principales por región y sexo,125.828,94.12356038868482,86.47241734268745,7.651143045997387,8.128828759135185,68.72271461255637,74.80335091449028
2024,Atacama,Hombres,Total,Indicadores principales por región y sexo,126.78799999999998,97.2402195535721,88.96557109415781,8.274648459414285,8.509491748787726,70.16876289093433,76.69512852444403
2025,Atacama,Hombres,Total,Indicadores principales por región y sexo,127.806,96.87782064003625,88.6710328072594,8.206787832776849,8.471276272068891,69.37939753005288,75.80068278487414
2010,Coquimbo,Hombres,Total,Indicadores principales por región y sexo,265.235,197.02192768407545,181.65254841496778,15.369379269107684,7.800847068024059,68.48739737024442,74.28202450056571
2011,Coquimbo,Hombres,Total,Indicadores principales por región y sexo,270.564,201.40441500422963,187.05268745312807,14.351727551101552,7.125825692947275,69.13435913614822,74.4387335359581
2012,Coquimbo,Hombres,Total,Indicadores principales por región y sexo,275.88899999999995,207.3305587256065,195.90115114749472,11.429407578111773,5.512649774526545,71.0072352096295,75.14999102015904
2013,Coquimbo,Hombres,Total,Indicadores principales por región y sexo,281.13600000044005,205.51903128359538,192.2622968740151,13.2567344095803,6.450368283065402,68.38764757046916,73.103064453956
2014,Coquimbo,Hombres,Total,Indicadores principales por región y sexo,286.4510000000352,215.9694694384077,200.25726698269338,15.71220245571436,7.27519611756759,69.9097810734362,75.3949085317842
2015,Coquimbo,Hombres,Total,Indicadores principales por región y sexo,291.777,222.53331156889624,205.3815119263915,17.151799642504727,7.707520065909115,70.38989088461103,76.26828419268696
2016,Coquimbo,Hombres,Total,Indicadores principales por región y sexo,297.19800000000004,222.08433790618164,204.16710528668045,17.91723261950116,8.067760558184972,68.69733486991178,74.72605397956298
2017,Coquimbo,Hombres,Total,Indicadores principales por región y sexo,303.19800000259846,219.62831674026077,202.68355911467688,16.944757625583918,7.715197146287522,66.84858050281989,72.4372577452287
2018,Coquimbo,Hombres,Total,Indicadores principales por región y sexo,309.7650000025965,225.10356017545064,209.25850940959523,15.84505076585541,7.039004959986165,67.55395522665285,72.66913956501342
2019,Coquimbo,Hombres,Total,Indicadores principales por región y sexo,316.33800000000076,235.72652000088993,219.38564089676612,16.340879104123825,6.932134366579599,69.35165579119979,74.51729479256028
2020,Coquimbo,Hombres,Total,Indicadores principales por región y sexo,322.803,216.3494571075073,189.36746447095604,26.981992636551254,12.471486176710625,58.66347725112717,67.0221333468113
2021,Coquimbo,Hombres,Total,Indicadores principales por región y sexo,328.28700000070097,218.60614920803144,197.71166146859926,20.894487739432186,9.558051232835373,60.225248477148675,66.58995001555488
2022,Coquimbo,Hombres,Total,Indicadores principales por región y sexo,333.185,228.883567174856,209.62051881975395,19.263048355102036,8.416090588271022,62.91415244376366,68.6956397121287
2023,Coquimbo,Hombres,Total,Indicadores principales por región y sexo,338.227,235.56073939731354,213.55786594197565,22.00287345533788,9.340636946391252,63.14039563428574,69.64575252635464
2024,Coquimbo,Hombres,Total,Indicadores principales por región y sexo,343.526,239.70503375486254,219.83212031495077,19.87291343991178,8.290569926134747,63.992862349560376,69.7778432359887
2025,Coquimbo,Hombres,Total,Indicadores principales por región y sexo,348.926,244.168351651658,224.99311389430122,19.175237757356804,7.853285500617662,64.48161326307046,69.9771159648917
2010,Valparaíso,Hombres,Total,Indicadores principales por región y sexo,666.501,483.5509479033559,444.0243868503081,39.52656105304781,8.17422884277909,66.62021315051412,72.55067102725367
2011,Valparaíso,Hombres,Total,Indicadores principales por región y sexo,677.157,500.0494182546743,464.60843782470704,35.44098042996731,7.087495582670048,68.61162741058676,73.84541816073293
2012,Valparaíso,Hombres,Total,Indicadores principales por región y sexo,687.642,499.10234479135147,468.7395798030214,30.36276498833008,6.083474723209958,68.16622309326966,72.58171327396398
2013,Valparaíso,Hombres,Total,Indicadores principales por región y sexo,697.4080000028908,499.2898957142135,469.13436794386035,30.155527770353128,6.0396831638695385,67.2682802522936,71.59222373591125
2014,Valparaíso,Hombres,Total,Indicadores principales por región y sexo,707.0340000001979,517.4021419824214,482.37332051881367,35.02882146360777,6.770134605433825,68.22491146375968,73.1792448428614
2015,Valparaíso,Hombres,Total,Indicadores principales por región y sexo,716.564,520.3782241856504,486.65901307511217,33.719211110538275,6.4797506012681625,67.91563811119623,72.62131842873079
2016,Valparaíso,Hombres,Total,Indicadores principales por región y sexo,726.1490000000001,524.8174577878295,489.2169528953023,35.600504892527304,6.783407137900449,67.37142830125804,72.27407292275132
2017,Valparaíso,Hombres,Total,Indicadores principales por región y sexo,737.7000000111916,537.7539708842522,499.9623272688928,37.791643615359476,7.027682855268747,67.77312284957407,72.89602424780995
2018,Valparaíso,Hombres,Total,Indicadores principales por región y sexo,750.5230000064652,545.9526919346578,509.0903990679478,36.86229286671,6.751920708749222,67.83141876578898,72.74296616225683
2019,Valparaíso,Hombres,Total,Indicadores principales por región y sexo,762.9940000000016,547.1553916290428,509.1741425960307,37.981249033012006,6.941583618491016,66.73370204694004,71.71162442024992
2020,Valparaíso,Hombres,Total,Indicadores principales por región y sexo,774.932,504.6088192400034,448.87496609195944,55.73385314804395,11.044962161379836,57.92443286533005,65.11652883607896
2021,Valparaíso,Hombres,Total,Indicadores principales por región y sexo,784.4200000022796,520.4632936322857,475.5965793452992,44.86671428698658,8.620533827441347,60.63034845413389,66.35007950215103
2022,Valparaíso,Hombres,Total,Indicadores principales por región y sexo,792.7210000000001,544.5264568751148,502.8418937870719,41.684563088042914,7.655195181379979,63.43239220193131,68.6908075949943
2023,Valparaíso,Hombres,Total,Indicadores principales por región y sexo,801.0240000000001,548.5660768586682,503.355549053561,45.21052780510722,8.241582867100108,62.839009699280034,68.4831012377492
2024,Valparaíso,Hombres,Total,Indicadores principales por región y sexo,809.4879999999998,553.7625082190517,509.4744592865434,44.28804893250838,7.9976611408639044,62.937864339748515,68.4089829891304
2025,Valparaíso,Hombres,Total,Indicadores principales por región y sexo,817.9580000000001,559.3558145237204,514.9280386249314,44.42777589878885,7.942668109496307,62.952870272670644,68.38441760135854
2010,Región Metropolitana,Hombres,Total,Indicadores principales por región y sexo,2619.0189999999993,1983.95353715206,1835.7133061314819,148.24023102057816,7.4719608218937985,70.09163759909654,75.75178099708558
2011,Región Metropolitana,Hombres,Total,Indicadores principales por región y sexo,2665.0289999999995,2048.1114421061607,1919.5439125048085,128.56752960135228,6.2773698226665235,72.02713038037518,76.85137542991694
2012,Región Metropolitana,Hombres,Total,Indicadores principales por región y sexo,2710.31,2055.5086844690913,1935.9708950048887,119.53778946420235,5.815484525431585,71.4298694616073,75.84035348240944
2013,Región Metropolitana,Hombres,Total,Indicadores principales por región y sexo,2749.502000027256,2071.0002293718026,1961.5569462881238,109.44328308367893,5.284561610931179,71.34226293593089,75.32273951251072
2014,Región Metropolitana,Hombres,Total,Indicadores principales por región y sexo,2789.390000001975,2088.418247377304,1959.455490548361,128.96275682894276,6.175140300124169,70.24673819533926,74.87007006463152
2015,Región Metropolitana,Hombres,Total,Indicadores principales por región y sexo,2829.825,2146.058835085213,2026.3247983772687,119.73403670794443,5.57925229031245,71.60601091506608,75.8371572477172
2016,Región Metropolitana,Hombres,Total,Indicadores principales por región y sexo,2876.774,2184.1494788130185,2040.1136228840041,144.0358559290146,6.594596996506449,70.91671514286504,75.9235685115695
2017,Región Metropolitana,Hombres,Total,Indicadores principales por región y sexo,2949.6730001176415,2254.0347764409858,2101.5288614797414,152.505914961244,6.765907809197319,71.2461639441364,76.41642908726115
2018,Región Metropolitana,Hombres,Total,Indicadores principales por región y sexo,3046.0950000701464,2326.8807003653246,2159.6995118680625,167.18118849726204,7.1847769621800674,70.9005960686823,76.38897343358433
2019,Región Metropolitana,Hombres,Total,Indicadores principales por región y sexo,3146.807000000014,2369.1616642451813,2199.4807221548767,169.68094209030485,7.162066846306391,69.895634595794,75.28779693972876
2020,Región Metropolitana,Hombres,Total,Indicadores principales por región y sexo,3242.5490000000004,2280.564763261069,2027.8327472885585,252.73201597251077,11.081992497819677,62.53822987065294,70.33246878493027
2021,Región Metropolitana,Hombres,Total,Indicadores principales por región y sexo,3296.962000024233,2387.5250946546603,2156.5119470705145,231.01314758414577,9.675841652988376,65.40906286013197,72.41591181933889
2022,Región Metropolitana,Hombres,Total,Indicadores principales por región y sexo,3330.921,2459.5434320844065,2258.4174649421325,201.1259671422738,8.17737001585795,67.8015919603657,73.83974078293681
2023,Región Metropolitana,Hombres,Total,Indicadores principales por región y sexo,3361.219000000001,2514.2757486087894,2277.9677211091266,236.30802749966284,9.398651982799336,67.77207082041147,74.80249720737592
2024,Región Metropolitana,Hombres,Total,Indicadores principales por región y sexo,3390.966,2548.3654406669425,2330.870575214745,217.49486545219708,8.534681171758304,68.73765691589786,75.15160696588944
2025,Región Metropolitana,Hombres,Total,Indicadores principales por región y sexo,3420.4700000000003,2564.6909585156245,2340.669316677514,224.0216418381106,8.734839614663297,68.43121900433314,74.98065933967041
2010,Libertador General Bernardo O'Higgins,Hombres,Total,Indicadores principales por región y sexo,338.523,251.84852756715236,236.94257240033247,14.905955166819888,5.918619144138294,69.99304992580488,74.39628254716884
2011,Libertador General Bernardo O'Higgins,Hombres,Total,Indicadores principales por región y sexo,344.054,252.03422489958908,239.7317723542315,12.302452545357582,4.881262673852689,69.67853079872098,73.25426383637135
2012,Libertador General Bernardo O'Higgins,Hombres,Total,Indicadores principales por región y sexo,349.58199999999994,263.3054392224157,249.2102091079767,14.095230114439017,5.353186077759939,71.28805519391065,75.32007918669032
2013,Libertador General Bernardo O'Higgins,Hombres,Total,Indicadores principales por región y sexo,355.0160000008868,270.8314800946725,258.23179623126117,12.599683863411272,4.652222798844099,72.73807271520612,76.28711948024764
2014,Libertador General Bernardo O'Higgins,Hombres,Total,Indicadores principales por región y sexo,360.41600000011374,270.47227692979226,256.7422820715658,13.729994858226442,5.07630394289556,71.23498459321583,75.04446998182847
2015,Libertador General Bernardo O'Higgins,Hombres,Total,Indicadores principales por región y sexo,365.72,274.2026216823292,259.78511780446746,14.41750387786176,5.257974482302656,71.03388324523337,74.97610786457652
2016,Libertador General Bernardo O'Higgins,Hombres,Total,Indicadores principales por región y sexo,371.07300000000004,276.78644878306545,261.44172172522343,15.344727057842034,5.543886677005868,70.45560354033394,74.59083489854163
2017,Libertador General Bernardo O'Higgins,Hombres,Total,Indicadores principales por región y sexo,377.43300000621565,279.4986809050568,262.9955367986262,16.503144106430632,5.904551696985147,69.68005892285389,74.0525287668153
2018,Libertador General Bernardo O'Higgins,Hombres,Total,Indicadores principales por región y sexo,383.9040000034441,282.7364358144134,261.9478893012763,20.788546513137145,7.3526238149166705,68.23265433517918,73.64769208236353
2019,Libertador General Bernardo O'Higgins,Hombres,Total,Indicadores principales por región y sexo,390.2650000000007,290.3937013403743,266.58167978131956,23.812021559054692,8.19990979458067,68.30786255014391,74.40936321227211
2020,Libertador General Bernardo O'Higgins,Hombres,Total,Indicadores principales por región y sexo,396.34700000000004,269.1454970954337,241.13773269772142,28.00776439771227,10.406179817224015,60.84005497650327,67.90653066515797
2021,Libertador General Bernardo O'Higgins,Hombres,Total,Indicadores principales por región y sexo,401.3290000009949,270.67389626455304,247.89993816611508,22.773958098437916,8.413799192582266,61.76975453194275,67.44439007992995
2022,Libertador General Bernardo O'Higgins,Hombres,Total,Indicadores principales por región y sexo,405.854,277.0491771692989,259.32310887972966,17.72606828956931,6.398166733676051,63.89566417473516,68.26326146084526
2023,Libertador General Bernardo O'Higgins,Hombres,Total,Indicadores principales por región y sexo,410.511,282.87426799459723,260.15686676231627,22.717401232280938,8.030918256840113,63.37390880203363,68.90784120147748
2024,Libertador General Bernardo O'Higgins,Hombres,Total,Indicadores principales por región y sexo,415.219,290.26415811087,268.8305690016782,21.43358910919184,7.384166632452432,64.74428410108357,69.90628032697686
2025,Libertador General Bernardo O'Higgins,Hombres,Total,Indicadores principales por región y sexo,419.90999999999997,290.6042121477672,269.7815886783289,20.822623469438327,7.165286186165251,64.24747890698696,69.20630900616018
2010,Maule,Hombres,Total,Indicadores principales por región y sexo,386.4539999999999,275.4655027244657,259.32556695015666,16.139935774309013,5.859149554001678,67.10386409512044,71.2802824461555
2011,Maule,Hombres,Total,Indicadores principales por región y sexo,391.992,285.5651567223747,269.2083413135656,16.356815408809066,5.72787506590347,68.67699884527379,72.84974099531998
2012,Maule,Hombres,Total,Indicadores principales por región y sexo,397.421,287.90963215376274,275.16907404790646,12.740558105856332,4.425193422862641,69.23868493308267,72.4444939129444
2013,Maule,Hombres,Total,Indicadores principales por región y sexo,402.7120000003685,290.7839367121487,275.7668790892301,15.017057622918635,5.164335345588309,68.47744271066611,72.20642461905348
2014,Maule,Hombres,Total,Indicadores principales por región y sexo,408.0910000000475,301.3646816886948,285.7784418088167,15.586239879878121,5.171886696390811,70.02811672121743,73.84742169973357
2015,Maule,Hombres,Total,Indicadores principales por región y sexo,413.485,310.2977562383445,293.32641691197966,16.971339326364852,5.469372235269694,70.94003819049777,75.04450130919975
2016,Maule,Hombres,Total,Indicadores principales por región y sexo,418.99000000000007,306.12128881767387,292.32821996267893,13.793068854994925,4.5057529021479095,69.76973673898634,73.06171718123913
2017,Maule,Hombres,Total,Indicadores principales por región y sexo,425.0960000036955,308.8446415486477,293.6705373070482,15.174104241599494,4.913183588198774,69.0833452454258,72.65291641087256
2018,Maule,Hombres,Total,Indicadores principales por región y sexo,431.42200000425134,317.27571887581706,299.774363404424,17.501355471393087,5.51613452595885,69.48518235080036,73.54184971389742
2019,Maule,Hombres,Total,Indicadores principales por región y sexo,437.58500000000066,318.3000268260785,300.3647647848816,17.93526204119699,5.634703276665743,68.64146732289295,72.7401594721204
2020,Maule,Hombres,Total,Indicadores principales por región y sexo,443.421,301.8784050843357,276.9412299879706,24.937175096365117,8.260668758137378,62.45559637183864,68.07941100767346
2021,Maule,Hombres,Total,Indicadores principales por región y sexo,448.37600000110547,296.9225168533728,277.50069037213757,19.421826481235257,6.541041981947837,61.89017484688151,66.22176852745034
2022,Maule,Hombres,Total,Indicadores principales por región y sexo,453.02199999999993,306.47062589078655,289.21976591978046,17.250859971006054,5.628878761501126,63.842322430208796,67.65027435550294
2023,Maule,Hombres,Total,Indicadores principales por región y sexo,457.724,318.1658381809419,294.55201841370325,23.613819767238617,7.421858959543408,64.35144725068017,69.51041199083768
2024,Maule,Hombres,Total,Indicadores principales por región y sexo,462.55199999999996,322.8359357055835,302.44249034462086,20.393445360962605,6.316968808441699,65.38561942108583,69.79451730953137
2025,Maule,Hombres,Total,Indicadores principales por región y sexo,467.36,320.7233058050522,300.4365268315174,20.28677897353472,6.325321112107081,64.28374846617541,68.62446632254625
2010,Ñuble,Hombres,Total,Indicadores principales por región y sexo,181.02199999999996,125.06654346857913,115.43290174561609,9.63364172296304,7.702812803316444,63.767333111785376,69.08914025288591
2011,Ñuble,Hombres,Total,Indicadores principales por región y sexo,182.984,131.43071448553766,121.2166712395715,10.214043245966172,7.771427923790296,66.24441002468603,71.82634245919735
2012,Ñuble,Hombres,Total,Indicadores principales por región y sexo,184.87,135.81961507148773,125.68570835375213,10.133906717735586,7.461298364305975,67.98599467396123,73.46763405175946
2013,Ñuble,Hombres,Total,Indicadores principales por región y sexo,186.60500000014977,134.2555353049613,125.78210758126984,8.473427723691469,6.311417778376202,67.40553982003102,71.9463761983085
2014,Ñuble,Hombres,Total,Indicadores principales por región y sexo,188.27500000000458,135.22313754554224,125.11635798094783,10.106779564594413,7.474149578277991,66.45404752672674,71.82214183802361
2015,Ñuble,Hombres,Total,Indicadores principales por región y sexo,189.84899999999996,137.56029010329345,129.0667762954408,8.493513807852672,6.174393643307184,67.98391157996134,72.45773751944623
2016,Ñuble,Hombres,Total,Indicadores principales por región y sexo,191.39900000000003,140.71537483262216,131.74684733784224,8.968527494779904,6.373523508321512,68.83361320479325,73.5193887285838
2017,Ñuble,Hombres,Total,Indicadores principales por región y sexo,193.09300000090403,139.65296707007644,129.82548244457624,9.8274846255002,7.037075424662382,67.23469128552999,72.32419977390305
2018,Ñuble,Hombres,Total,Indicadores principales por región y sexo,195.0160000003728,142.3653437778229,133.3027697802154,9.062573997607496,6.365716372483645,68.35478616111527,73.00187870613219
2019,Ñuble,Hombres,Total,Indicadores principales por región y sexo,196.8180000000005,139.99929724763655,131.95557476156995,8.043722486066583,5.7455449021565554,67.04446481600748,71.131348376488
2020,Ñuble,Hombres,Total,Indicadores principales por región y sexo,198.511,132.12066737121924,121.59509088352351,10.525576487695712,7.966638904511447,61.25357833244682,66.5558419287693
2021,Ñuble,Hombres,Total,Indicadores principales por región y sexo,199.93300000018115,135.20313664853435,124.5365585711197,10.666578077414643,7.889297794283288,62.289146149463505,67.62422243872291
2022,Ñuble,Hombres,Total,Indicadores principales por región y sexo,201.236,135.65408900371983,124.9534429075922,10.700646096127633,7.888185438947001,62.09298679540053,67.41044793363008
2023,Ñuble,Hombres,Total,Indicadores principales por región y sexo,202.50400000000002,136.96193086426985,126.55249377955887,10.409437084710971,7.600241190398221,62.49382421066194,67.63418543054449
2024,Ñuble,Hombres,Total,Indicadores principales por región y sexo,203.84,137.10636202971995,123.98491992250847,13.121442107211482,9.570264948294087,60.82462712053987,67.2617553128532
2025,Ñuble,Hombres,Total,Indicadores principales por región y sexo,205.08899999999997,139.56493003111356,127.63737674974765,11.92755328136591,8.54623957372878,62.235115852019206,68.05090962026904
2010,Biobío,Hombres,Total,Indicadores principales por región y sexo,590.235,424.4854869294529,390.05240866887635,34.43307826057656,8.111720970639249,66.08425604528304,71.91804737595244
2011,Biobío,Hombres,Total,Indicadores principales por región y sexo,597.138,422.4988095430672,393.2479373626808,29.25087218038641,6.923302863745641,65.85545340652928,70.75396466864731
2012,Biobío,Hombres,Total,Indicadores principales por región y sexo,603.781,425.0778067920384,394.67264167053617,30.405165121502257,7.15284699311,65.36685349001313,70.40264711742145
2013,Biobío,Hombres,Total,Indicadores principales por región y sexo,609.9750000013865,420.59129103168533,391.2786218745609,29.31266915712443,6.969395178207852,64.14666533442707,68.95221788281967
2014,Biobío,Hombres,Total,Indicadores principales por región y sexo,615.9170000000302,419.844037367335,386.62663810266713,33.21739926466786,7.9118425672924095,62.77252261305472,68.16568423461511
2015,Biobío,Hombres,Total,Indicadores principales por región y sexo,621.4960000000001,428.6193332011764,396.3872120067424,32.232121194433994,7.519987713504643,63.77952746385211,68.96574285291882
2016,Biobío,Hombres,Total,Indicadores principales por región y sexo,626.9650000000001,428.79793311564634,399.159162713351,29.638770402295314,6.91205999687078,63.665302323630655,68.39264282944762
2017,Biobío,Hombres,Total,Indicadores principales por región y sexo,632.5500000038043,430.76013616417526,398.7885895354108,31.971546628764514,7.422122881068832,63.04459561030945,68.0989860345561
2018,Biobío,Hombres,Total,Indicadores principales por región y sexo,638.442000002271,431.02572226559926,400.0392328480531,30.98648941754617,7.189011656815277,62.65866481945581,67.51211891825194
2019,Biobío,Hombres,Total,Indicadores principales por región y sexo,643.9000000000008,436.2757149990971,405.84288362541537,30.432831373681765,6.975596011284916,63.028868399660645,67.75519723545528
2020,Biobío,Hombres,Total,Indicadores principales por región y sexo,648.9460000000001,409.25797541046353,367.2968195833562,41.96115582710734,10.252984266225376,56.59898043648565,63.06502781594515
2021,Biobío,Hombres,Total,Indicadores principales por región y sexo,653.0520000009606,410.69620007606284,378.9903218466627,31.705878229400085,7.720032039139396,58.033712758877584,62.888743940062774
2022,Biobío,Hombres,Total,Indicadores principales por región y sexo,656.993,422.45606769218546,393.8703719668955,28.5856957252899,6.7665487399552084,59.95046704712159,64.30145643746363
2023,Biobío,Hombres,Total,Indicadores principales por región y sexo,660.7750000000001,429.67677737066884,396.2314103730241,33.445366997644705,7.783843288508102,59.96464914275268,65.0261855201345
2024,Biobío,Hombres,Total,Indicadores principales por región y sexo,664.699,443.97726643986715,410.7555978326237,33.221668607243444,7.482740923570021,61.79572977131359,66.79373166498928
2025,Biobío,Hombres,Total,Indicadores principales por región y sexo,668.6850000000001,447.8882920895389,407.9045890507598,39.9837030387791,8.927159683554715,61.00100780647985,66.98046046935984
2010,La Araucanía,Hombres,Total,Indicadores principales por región y sexo,355.29999999999995,256.8784855703955,239.84114945835523,17.03733611204026,6.632449609086205,67.50384167136372,72.29903900095569
2011,La Araucanía,Hombres,Total,Indicadores principales por región y sexo,359.516,258.5963935525571,242.3629134548031,16.233480097754,6.277535380420805,67.41366544320785,71.92903613540346
2012,La Araucanía,Hombres,Total,Indicadores principales por región y sexo,363.673,267.3625202797107,253.0121343916183,14.350385888092427,5.367388769779424,69.57132764643465,73.51728621033476
2013,La Araucanía,Hombres,Total,Indicadores principales por región y sexo,367.49300000071133,276.2942122173519,261.08224441465984,15.211967802692017,5.50571352204991,71.04414081741814,75.18353062964928
2014,La Araucanía,Hombres,Total,Indicadores principales por región y sexo,371.25800000006643,277.29052237692997,261.44671828917603,15.843804087753947,5.7137921454873775,70.42184095403447,74.68944032906506
2015,La Araucanía,Hombres,Total,Indicadores principales por región y sexo,374.8190000000001,272.91580653477985,255.724491540771,17.191314994008845,6.299127636573155,68.22612822209412,72.81269266893615
2016,La Araucanía,Hombres,Total,Indicadores principales por región y sexo,378.315,273.6907346525463,257.19992082040153,16.490813832144827,6.0253460363136195,67.98565238502347,72.34466903309314
2017,La Araucanía,Hombres,Total,Indicadores principales por región y sexo,381.9660000018308,271.8716443620582,253.1664581231566,18.705186238901618,6.88015342048377,66.27984116961801,71.17692264776318
2018,La Araucanía,Hombres,Total,Indicadores principales por región y sexo,385.62500000178926,273.63710371699636,255.8734499194948,17.76365379750157,6.4916831658448135,66.35292056228398,70.95937859727111
2019,La Araucanía,Hombres,Total,Indicadores principales por región y sexo,389.1990000000003,273.022582328025,256.7372359259235,16.285346402101492,5.964834946339838,65.96554357177776,70.14986737582183
2020,La Araucanía,Hombres,Total,Indicadores principales por región y sexo,392.58200000000005,232.08804762513162,212.47404236990147,19.614005255230147,8.451105283504589,54.122206919803105,59.118361928242145
2021,La Araucanía,Hombres,Total,Indicadores principales por región y sexo,395.43400000028066,234.42579827558166,217.59972508305958,16.826073192522063,7.177568900817819,55.02807676702184,59.283166919236905
2022,La Araucanía,Hombres,Total,Indicadores principales por región y sexo,398.104,254.62439595337722,235.45081215445452,19.173583798922692,7.530144048896814,59.14304105320583,63.95926590875178
2023,La Araucanía,Hombres,Total,Indicadores principales por región y sexo,400.763,259.59089800044774,239.8140009889372,19.776897011510524,7.618486304352788,59.83935667437793,64.77416777508097
2024,La Araucanía,Hombres,Total,Indicadores principales por región y sexo,403.611,268.0584146183553,244.3647909955943,23.693623622760953,8.838977749120259,60.54463109171808,66.41504186416012
2025,La Araucanía,Hombres,Total,Indicadores principales por región y sexo,406.264,273.9072128075757,252.12717561578128,21.78003719179444,7.951611411962077,62.05993531688293,67.42099049080788
2010,Los Ríos,Hombres,Total,Indicadores principales por región y sexo,145.939,99.08261042254468,91.70859908458944,7.37401133795524,7.442286094914392,62.84036418269924,67.89316798288645
2011,Los Ríos,Hombres,Total,Indicadores principales por región y sexo,147.49900000000002,105.55790550216376,98.42437506542599,7.133530436737765,6.757931016916152,66.72884227379573,71.56516688395429
2012,Los Ríos,Hombres,Total,Indicadores principales por región y sexo,148.995,109.73526191569566,104.23546008901918,5.499801826676485,5.011881988217897,69.95903224203441,73.6502982755768
2013,Los Ríos,Hombres,Total,Indicadores principales por región y sexo,150.364000000314,112.07439133055058,107.15101811235267,4.923373218197907,4.3929511101933905,71.2610851747286,74.53538834449506
2014,Los Ríos,Hombres,Total,Indicadores principales por región y sexo,151.76700000001478,110.28366658749613,106.01274075889538,4.2709258286007525,3.872673044663702,69.85230040712742,72.66643380147555
2015,Los Ríos,Hombres,Total,Indicadores principales por región y sexo,153.07699999999997,109.6145114828024,106.1407449387317,3.473766544070687,3.169075423572628,69.33814024231708,71.60743382925091
2016,Los Ríos,Hombres,Total,Indicadores principales por región y sexo,154.419,112.85414243859601,108.86815622203207,3.9859862165639433,3.531980422192052,70.50178813619571,73.08306778220039
2017,Los Ríos,Hombres,Total,Indicadores principales por región y sexo,155.83900000127156,119.61960109514007,114.7884766219861,4.831124473153969,4.038739829362505,73.65837602978041,76.75845012748032
2018,Los Ríos,Hombres,Total,Indicadores principales por región y sexo,157.3250000007842,117.20761151761363,112.56188474752601,4.645726770087608,3.963673271670979,71.54736039851576,74.50030924330487
2019,Los Ríos,Hombres,Total,Indicadores principales por región y sexo,158.65400000000022,115.60890152991794,111.16765788394837,4.441243645969572,3.8416104531710653,70.06924369000984,72.86857030387999
2020,Los Ríos,Hombres,Total,Indicadores principales por región y sexo,159.95300000000003,104.82703879347208,94.49097181187835,10.33606698159372,9.860115386792154,59.07421043173828,65.53615049012652
2021,Los Ríos,Hombres,Total,Indicadores principales por región y sexo,161.04400000012294,105.77600424422695,97.31534528203063,8.4606589621963,7.998656238386001,60.427799410072005,65.68143131327227
2022,Los Ríos,Hombres,Total,Indicadores principales por región y sexo,162.04600000000002,108.56377237447848,102.69449266165427,5.869279712824213,5.406296764061215,63.373667144918265,66.99565084881975
2023,Los Ríos,Hombres,Total,Indicadores principales por región y sexo,163.08400000000003,110.6872816486978,102.51814351038028,8.169138138317525,7.380376513577186,62.86217134138251,67.87133112303954
2024,Los Ríos,Hombres,Total,Indicadores principales por región y sexo,164.15200000000002,110.74592539122119,102.75219178322942,7.993733607991767,7.218083717078614,62.59575989523698,67.46547431113918
2025,Los Ríos,Hombres,Total,Indicadores principales por región y sexo,165.274,112.34388254471169,104.86784416944667,7.47603837526502,6.654602107319582,63.45090224079206,67.97432296956066
2010,Los Lagos,Hombres,Total,Indicadores principales por región y sexo,310.515,229.8830995136797,213.59372017380994,16.28937933986975,7.085940364615806,68.78692500323976,74.03284849803703
2011,Los Lagos,Hombres,Total,Indicadores principales por región y sexo,315.306,230.1202137079123,219.03810353722,11.082110170692328,4.8157917082237125,69.46842227462211,72.98313819207763
2012,Los Lagos,Hombres,Total,Indicadores principales por región y sexo,320.044,240.07643580149536,232.32606986932433,7.750365932171034,3.228290984201107,72.59191544579005,75.0135718218418
2013,Los Lagos,Hombres,Total,Indicadores principales por región y sexo,324.47400000081905,249.89924371125318,242.30787829862126,7.591365412631919,3.0377704629644198,74.67713231199099,77.01672359283714
2014,Los Lagos,Hombres,Total,Indicadores principales por región y sexo,328.8320000000462,248.16464552939024,240.48464134538884,7.6800041840014135,3.0947213160110945,73.13298016779238,75.468520560455
2015,Los Lagos,Hombres,Total,Indicadores principales por región y sexo,333.069,246.81250015869577,239.29215849343146,7.5203416652643,3.0469857322578324,71.84462033195268,74.10251334068789
2016,Los Lagos,Hombres,Total,Indicadores principales por región y sexo,337.32799999999986,243.8269381022349,236.75863252251847,7.0683055797164345,2.8989026539605502,70.18647503987768,72.28185567229373
2017,Los Lagos,Hombres,Total,Indicadores principales por región y sexo,341.65200000174934,254.00021062543232,245.55449742458794,8.445713200844397,3.325081180069995,71.87269426882636,74.34471644367127
2018,Los Lagos,Hombres,Total,Indicadores principales por región y sexo,346.16600000093786,250.7182303899735,243.517092212144,7.201138177829503,2.872203655326009,70.34691223617693,72.42716800300846
2019,Los Lagos,Hombres,Total,Indicadores principales por región y sexo,350.48100000000045,255.66193620946717,247.01803435584642,8.643901853620749,3.3809889660456482,70.47972196947798,72.9460188168451
2020,Los Lagos,Hombres,Total,Indicadores principales por región y sexo,354.60800000000006,215.92237332673676,203.3136252547409,12.608748071995869,5.839481975735851,57.334754222899896,60.8904405221362
2021,Los Lagos,Hombres,Total,Indicadores principales por región y sexo,358.3650000003539,210.36219168633988,202.63046635458983,7.731725331750065,3.6754348629712124,56.54304029533848,58.70054042279021
2022,Los Lagos,Hombres,Total,Indicadores principales por región y sexo,361.759,214.28286864476848,206.61844763778552,7.664421006982988,3.576777301637131,57.11494327377772,59.233597130898886
2023,Los Lagos,Hombres,Total,Indicadores principales por región y sexo,365.417,225.26933256311858,217.69440850822588,7.574924054892696,3.3626077587681693,59.57424216941901,61.647195550047904
2024,Los Lagos,Hombres,Total,Indicadores principales por región y sexo,369.226,249.3741788247147,239.6095431698942,9.764635654820507,3.9156562643496775,64.8950895034191,67.53971248631319
2025,Los Lagos,Hombres,Total,Indicadores principales por región y sexo,372.68600000000004,246.68610754580533,232.52670028555374,14.159407260251605,5.739847858121661,62.39212105782179,66.19140712176076
2010,Aysén del General Carlos Ibáñez del Campo,Hombres,Total,Indicadores principales por región y sexo,38.376999999999995,30.23839332300523,29.023836432974658,1.214556890030575,4.016605237774144,75.62820552147032,78.79300967507945
2011,Aysén del General Carlos Ibáñez del Campo,Hombres,Total,Indicadores principales por región y sexo,38.830000000000005,31.160524499721266,30.119441002424495,1.0410834972967742,3.3410332913558203,77.56745043117303,80.24858228102308
2012,Aysén del General Carlos Ibáñez del Campo,Hombres,Total,Indicadores principales por región y sexo,39.263,31.080290251024724,30.031188031301006,1.0491022197237159,3.3754582445996517,76.48724761556939,79.15923452366026
2013,Aysén del General Carlos Ibáñez del Campo,Hombres,Total,Indicadores principales por región y sexo,39.64100000001347,31.74680665118851,30.36428440507725,1.3825222461112598,4.354838775759206,76.59817967525274,80.08578656234133
2014,Aysén del General Carlos Ibáñez del Campo,Hombres,Total,Indicadores principales por región y sexo,40.00600000000707,31.95510147915319,30.984205361064895,0.9708961180882953,3.0383133620204172,77.4488960682383,79.87577233201904
2015,Aysén del General Carlos Ibáñez del Campo,Hombres,Total,Indicadores principales por región y sexo,40.370999999999995,32.70505073196817,31.737315733577653,0.9677349983905184,2.9589772121789966,78.61414315617066,81.01124750927194
2016,Aysén del General Carlos Ibáñez del Campo,Hombres,Total,Indicadores principales por región y sexo,40.71900000000001,32.609425179985415,31.95528626159912,0.654138918386294,2.0059811382010584,78.47758113312977,80.08405211322825
2017,Aysén del General Carlos Ibáñez del Campo,Hombres,Total,Indicadores principales por región y sexo,41.10300000038636,32.96671580728794,32.211643870210736,0.7550719370772061,2.290406910688637,78.36810906724071,80.20513297564182
2018,Aysén del General Carlos Ibáñez del Campo,Hombres,Total,Indicadores principales por región y sexo,41.533000000347734,33.30352722696466,32.08790769819279,1.2156195287718738,3.650122464468661,77.25882478492797,80.18570107308845
2019,Aysén del General Carlos Ibáñez del Campo,Hombres,Total,Indicadores principales por región y sexo,41.927000000000106,33.530899443031494,32.010589659416425,1.5203097836150654,4.534056076241109,76.3483904391355,79.9744781239569
2020,Aysén del General Carlos Ibáñez del Campo,Hombres,Total,Indicadores principales por región y sexo,42.32500000000001,32.80298426730918,30.42512739041488,2.3778568768942954,7.248904116519733,71.88453016046043,77.50262083239025
2021,Aysén del General Carlos Ibáñez del Campo,Hombres,Total,Indicadores principales por región y sexo,42.62600000007217,32.57080586970417,31.092200896003632,1.4786049737005342,4.539663463088775,72.94186856836436,76.41065516269182
2022,Aysén del General Carlos Ibáñez del Campo,Hombres,Total,Indicadores principales por región y sexo,42.913,33.786758018463686,32.32289116519019,1.4638668532734964,4.332664449408039,75.32190982963249,78.7331531667879
2023,Aysén del General Carlos Ibáñez del Campo,Hombres,Total,Indicadores principales por región y sexo,43.203,33.93417247691953,32.365221580636224,1.5689508962833052,4.6235130600294845,74.91429201823074,78.54587060370697
2024,Aysén del General Carlos Ibáñez del Campo,Hombres,Total,Indicadores principales por región y sexo,43.535,33.82464981916512,32.36526031841455,1.4593895007505626,4.314573864187262,74.34308101163329,77.6953022146896
2025,Aysén del General Carlos Ibáñez del Campo,Hombres,Total,Indicadores principales por región y sexo,43.78699999999999,34.26877903893361,33.132477110356824,1.1363019285767848,3.3158518057670046,75.66738326525414,78.2624501311659
2010,Magallanes y de la Antártica Chilena,Hombres,Total,Indicadores principales por región y sexo,64.26099999999998,45.56037268410468,42.97228501648962,2.588087667615062,5.680567377180402,66.87148506324152,70.89894754844259
2011,Magallanes y de la Antártica Chilena,Hombres,Total,Indicadores principales por región y sexo,65.09600000000002,47.96065533458117,46.174475409755516,1.7861799248256567,3.72426088085115,70.93289205136337,73.67680861278905
2012,Magallanes y de la Antártica Chilena,Hombres,Total,Indicadores principales por región y sexo,65.959,49.50771428889302,47.95735345788494,1.5503608310080745,3.131554048246367,72.70782373578275,75.05831545186103
2013,Magallanes y de la Antártica Chilena,Hombres,Total,Indicadores principales por región y sexo,66.77200000061816,49.73425032636619,48.33607413436003,1.3981761920061528,2.8112943953734875,72.38973541890694,74.4836912566731
2014,Magallanes y de la Antártica Chilena,Hombres,Total,Indicadores principales por región y sexo,67.61400447069731,51.782295267336416,50.57191586674411,1.210379400592299,2.3374386831318974,74.79503138829925,76.58516260455764
2015,Magallanes y de la Antártica Chilena,Hombres,Total,Indicadores principales por región y sexo,68.48200000036199,52.18716806219313,50.21698191361273,1.9701861485804009,3.7752310035916614,73.32873151097702,76.20567165374445
2016,Magallanes y de la Antártica Chilena,Hombres,Total,Indicadores principales por región y sexo,69.38000000006294,54.215475852682665,52.07052148606543,2.1449543666172346,3.9563507151456623,75.0511984520297,78.14280174781419
2017,Magallanes y de la Antártica Chilena,Hombres,Total,Indicadores principales por región y sexo,70.41700000103543,53.72842246469761,51.94708335030263,1.7813391143949726,3.3154502452875954,73.77065672996406,76.30035710681736
2018,Magallanes y de la Antártica Chilena,Hombres,Total,Indicadores principales por región y sexo,71.65800000083667,54.990845391603514,53.46203113421036,1.5288142573931476,2.7801250308230037,74.60720524377761,76.74069244321842
2019,Magallanes y de la Antártica Chilena,Hombres,Total,Indicadores principales por región y sexo,72.9100000000002,56.795963388154874,55.378743034438465,1.4172203537164136,2.495283589136166,75.95493489842042,77.89872910184437
2020,Magallanes y de la Antártica Chilena,Hombres,Total,Indicadores principales por región y sexo,74.162,50.841874868453665,47.703314738415756,3.1385601300379045,6.173179368696563,64.32312334944548,68.55515610211923
2021,Magallanes y de la Antártica Chilena,Hombres,Total,Indicadores principales por región y sexo,75.1040000003178,53.85699817418746,51.100351783059146,2.7566463911283154,5.118455325364789,68.03945433378105,71.70989318006973
2022,Magallanes y de la Antártica Chilena,Hombres,Total,Indicadores principales por región y sexo,75.876,55.5387994144768,53.3101985218207,2.2286008926561016,4.012691876942505,70.25963219176117,73.19679399873056
2023,Magallanes y de la Antártica Chilena,Hombres,Total,Indicadores principales por región y sexo,76.62599999999999,57.544047705452805,54.89439489857692,2.649652806875888,4.6045645249679055,71.63938467175231,75.09728774234961
2024,Magallanes y de la Antártica Chilena,Hombres,Total,Indicadores principales por región y sexo,77.373,58.13749345808345,55.587260948967135,2.550232509116313,4.386553938647192,71.8432281919625,75.13925201049906
2025,Magallanes y de la Antártica Chilena,Hombres,Total,Indicadores principales por región y sexo,78.096,58.987429578940976,56.05335716517661,2.934072413764368,4.974063855143567,71.77494002916488,75.5319473198896
2010,Chile,Mujeres,Total,Indicadores principales por región y sexo,6817.235999999999,3191.7010402542014,2877.793517035108,313.90752321909275,9.835116737440163,42.21349410575061,46.81810986526214
2011,Chile,Mujeres,Total,Indicadores principales por región y sexo,6922.822,3380.228371409197,3080.202184709039,300.02618670015755,8.875914693748294,44.49344768230411,48.827318850740305
2012,Chile,Mujeres,Total,Indicadores principales por región y sexo,7027.044,3450.216682775205,3171.5832552734814,278.6334275017238,8.075824016873142,45.133960386095225,49.099118815467854
2013,Chile,Mujeres,Total,Indicadores principales por región y sexo,7122.074000060177,3531.397717659703,3281.4982019130957,249.89951574660722,7.076504424775424,46.07503659587599,49.58383916861668
2014,Chile,Mujeres,Total,Indicadores principales por región y sexo,7217.509000004838,3625.259194509542,3368.888568002542,256.37062650700034,7.071787498540074,46.676610559131746,50.2286757731388
2015,Chile,Mujeres,Total,Indicadores principales por región y sexo,7311.724999999999,3674.3263596804695,3415.9835732612487,258.3427864192206,7.031024496193281,46.719256717959844,50.25252398962584
2016,Chile,Mujeres,Total,Indicadores principales por región y sexo,7410.79700000002,3756.6882577271676,3484.818014679196,271.8702430479714,7.236965763362424,47.023525468032474,50.69209503009133
2017,Chile,Mujeres,Total,Indicadores principales por región y sexo,7533.672000228355,3890.437085320764,3596.7781040120226,293.65898130874103,7.5482259414183295,47.7426957784066,51.640648613356674
2018,Chile,Mujeres,Total,Indicadores principales por región y sexo,7692.546000148652,4022.868876363848,3690.724233336748,332.14464302709973,8.256412357325338,47.97792867622017,52.2956752716995
2019,Chile,Mujeres,Total,Indicadores principales por región y sexo,7860.0830000002725,4131.583860130905,3802.676445926732,328.9074142041727,7.960806928744068,48.37959657584532,52.56412508787454
2020,Chile,Mujeres,Total,Indicadores principales por región y sexo,8024.413,3654.939647192482,3258.105077924093,396.83456926838863,10.857486239840226,40.60241014419489,45.54775093446065
2021,Chile,Mujeres,Total,Indicadores principales por región y sexo,8131.386000035299,3774.0733508416165,3429.9774045968556,344.0959462447603,9.117362442572217,42.18195280093659,46.41365384480866
2022,Chile,Mujeres,Total,Indicadores principales por región y sexo,8210.346,4090.6617477905384,3743.1725071932956,347.48924059724254,8.494695040110065,45.590922808774394,49.82325650819756
2023,Chile,Mujeres,Total,Indicadores principales por región y sexo,8285.423,4289.887453096596,3899.909237113504,389.9782159830923,9.090639795260643,47.0695248403552,51.77632394986467
2024,Chile,Mujeres,Total,Indicadores principales por región y sexo,8361.22,4397.363124102176,3989.989913711112,407.373210391064,9.26403389700137,47.7201881269852,52.59236240766511
2025,Chile,Mujeres,Total,Indicadores principales por región y sexo,8436.29,4466.133807321444,4052.843487406984,413.29031991445993,9.253872314280931,48.0405899679478,52.939548158271506
2010,Arica y Parinacota,Mujeres,Total,Indicadores principales por región y sexo,84.02899999999998,44.15823061645836,40.11310849274675,4.045122123711621,9.160516776240463,47.73721987974003,52.55117949333965
2011,Arica y Parinacota,Mujeres,Total,Indicadores principales por región y sexo,85.52100000000002,42.9682866691645,38.87613699992439,4.092149669240104,9.52365101440447,45.458000958740406,50.24296566827387
2012,Arica y Parinacota,Mujeres,Total,Indicadores principales por región y sexo,87.051,41.97650707500151,38.36576705321185,3.610740021789659,8.601811521235367,44.07274707150044,48.220591463626505
2013,Arica y Parinacota,Mujeres,Total,Indicadores principales por región y sexo,88.32900000231413,43.753229180255445,40.83753649749169,2.915692682763755,6.6639485528065245,46.2334414477938,49.534387550078854
2014,Arica y Parinacota,Mujeres,Total,Indicadores principales por región y sexo,89.59100000016248,41.99826011600084,39.49730250385576,2.5009576121450854,5.954907668168497,44.0862391353865,46.87776686935593
2015,Arica y Parinacota,Mujeres,Total,Indicadores principales por región y sexo,90.83400000000002,44.31370866674446,41.906752861398836,2.406955805345626,5.431627994503523,46.135536100357605,48.78537625420487
2016,Arica y Parinacota,Mujeres,Total,Indicadores principales por región y sexo,92.08900000000003,46.18326610589306,43.028546481194425,3.1547196246986338,6.830871635334787,46.724957900720405,50.15068695055115
2017,Arica y Parinacota,Mujeres,Total,Indicadores principales por región y sexo,93.42700000479648,45.2705873070208,41.7786761847227,3.491911122298101,7.713421296296189,44.71798964172863,48.45557205593312
2018,Arica y Parinacota,Mujeres,Total,Indicadores principales por región y sexo,95.34900000257548,47.613144111562,43.77425338775562,3.838890723806386,8.062670078689846,45.909504437983855,49.9356512499092
2019,Arica y Parinacota,Mujeres,Total,Indicadores principales por región y sexo,97.4830000000006,50.97491384137007,47.04906645183801,3.925847389532068,7.701528249265897,48.26386800964036,52.29108033336044
2020,Arica y Parinacota,Mujeres,Total,Indicadores principales por región y sexo,99.7,40.30519342289546,37.3288007460427,2.9763926768527487,7.384638117533513,37.441124118397894,40.42647284141972
2021,Arica y Parinacota,Mujeres,Total,Indicadores principales por región y sexo,101.16400000068758,44.72083160531445,41.8542396031554,2.8665920021590505,6.409970251578229,41.37266181929435,44.2062706150513
2022,Arica y Parinacota,Mujeres,Total,Indicadores principales por región y sexo,102.21299999999998,49.82025603879361,46.41061114125189,3.4096448975417197,6.843892762989268,45.40578120322454,48.7416043348631
2023,Arica y Parinacota,Mujeres,Total,Indicadores principales por región y sexo,103.27700000000002,53.685109630488014,49.47252939083311,4.2125802396549,7.846831772627241,47.902756074278976,51.98167029492337
2024,Arica y Parinacota,Mujeres,Total,Indicadores principales por región y sexo,104.381,54.100448973115064,50.319006242264194,3.781442730850871,6.989669776548508,48.20705515588487,51.82978604642135
2025,Arica y Parinacota,Mujeres,Total,Indicadores principales por región y sexo,105.507,53.196934018676636,49.6467989038093,3.5501351148673397,6.67357091222765,47.055454997118005,50.42028871892541
2010,Tarapacá,Mujeres,Total,Indicadores principales por región y sexo,108.28299999999997,57.690746267911834,53.817845596745684,3.8729006711661538,6.713209520952755,49.70110321726005,53.277750217404254
2011,Tarapacá,Mujeres,Total,Indicadores principales por región y sexo,111.26600000000002,62.08612218641582,57.50635365537932,4.579768531036501,7.37647701250463,51.683671252115936,55.79972515091386
2012,Tarapacá,Mujeres,Total,Indicadores principales por región y sexo,114.31299999999999,61.9587990659229,59.07802707389831,2.8807719920245956,4.649496173997034,51.680934866461655,54.20100869185737
2013,Tarapacá,Mujeres,Total,Indicadores principales por región y sexo,117.22800000466286,61.37692585168851,57.70524784421091,3.671678007477609,5.982179714164683,49.224799401094984,52.35688218620738
2014,Tarapacá,Mujeres,Total,Indicadores principales por región y sexo,120.29100000038088,60.85884945940555,56.99201791640072,3.866831543004826,6.353770367584922,47.378455508907784,50.593019809638996
2015,Tarapacá,Mujeres,Total,Indicadores principales por región y sexo,123.19000000000001,66.48015061476366,61.84400329056616,4.636147324197489,6.97373167979543,50.20212946713707,53.96554153321183
2016,Tarapacá,Mujeres,Total,Indicadores principales por región y sexo,125.95600000001943,72.74404312368195,68.31458784739424,4.429455276287693,6.089096902074276,54.23686672122305,57.753535459740476
2017,Tarapacá,Mujeres,Total,Indicadores principales por región y sexo,129.15600003221326,72.30156083804637,67.27114413888499,5.030416699161372,6.957549243548663,52.08518700029937,55.98002479173508
2018,Tarapacá,Mujeres,Total,Indicadores principales por región y sexo,134.8420000477167,71.45089629122566,65.80465000058891,5.646246290636743,7.902274966045619,48.801300764822926,52.98860612119461
2019,Tarapacá,Mujeres,Total,Indicadores principales por región y sexo,140.83800000025104,75.15978110266074,70.5421255702992,4.6176555323615345,6.143785232762027,50.087423543485045,53.36612356219682
2020,Tarapacá,Mujeres,Total,Indicadores principales por región y sexo,146.7220000000001,66.25865875875796,59.348101970215744,6.910556788542217,10.429665975737535,40.449354541388274,45.159320864463346
2021,Tarapacá,Mujeres,Total,Indicadores principales por región y sexo,150.3640000027919,75.98645394034526,68.67227176063096,7.314182179714284,9.625639571832679,45.670686972517274,50.53500434873664
2022,Tarapacá,Mujeres,Total,Indicadores principales por región y sexo,152.93799999999996,87.44598156861242,79.55577478691069,7.890206781701737,9.022949528573674,52.01831774111777,57.17740624868407
2023,Tarapacá,Mujeres,Total,Indicadores principales por región y sexo,155.34000000000077,87.54967941105684,82.36766188824993,5.182017522806912,5.918945172233793,53.02411606041556,56.36003567082298
2024,Tarapacá,Mujeres,Total,Indicadores principales por región y sexo,157.80900000000003,88.07628514395606,80.7186452936706,7.357639850285458,8.353712736930017,51.14958290951124,55.81195314839841
2025,Tarapacá,Mujeres,Total,Indicadores principales por región y sexo,160.3030000000009,87.30805383341448,78.93761951091479,8.370434322499694,9.587241903788913,49.24275871999547,54.464391704094105
2010,Antofagasta,Mujeres,Total,Indicadores principales por región y sexo,209.16,97.83258739050547,89.4390924478303,8.393494942675165,8.579446957864823,42.761088376281464,46.77404254661764
2011,Antofagasta,Mujeres,Total,Indicadores principales por región y sexo,213.11100000000002,99.6508241063895,92.62323109977017,7.027593006619345,7.052217650620254,43.46243558510361,46.760056546301925
2012,Antofagasta,Mujeres,Total,Indicadores principales por región y sexo,217.039,95.0878239177882,88.83671561747396,6.2511083003142485,6.574036551429425,40.931222322934566,43.81139975662817
2013,Antofagasta,Mujeres,Total,Indicadores principales por región y sexo,221.37600000897973,97.16710887696641,90.47718470194296,6.689924175023451,6.8849678171389,40.87036747356213,43.89234102749394
2014,Antofagasta,Mujeres,Total,Indicadores principales por región y sexo,226.1740000010984,102.6237579670636,95.64621753682154,6.97754043024205,6.799147262256216,42.28877657748329,45.37380864580598
2015,Antofagasta,Mujeres,Total,Indicadores principales por región y sexo,230.512,111.32198891160424,104.1617924013582,7.160196510246045,6.431969622759466,45.18714531189621,48.29335952644732
2016,Antofagasta,Mujeres,Total,Indicadores principales por región y sexo,234.94200000000006,117.70540160013987,108.37494810176045,9.330453498379422,7.926954389124938,46.12838407000895,50.099769985843245
2017,Antofagasta,Mujeres,Total,Indicadores principales por región y sexo,240.33500001891392,120.71593968704804,110.0915073251567,10.624432361891348,8.80118432531348,45.80752171614317,50.22819800592836
2018,Antofagasta,Mujeres,Total,Indicadores principales por región y sexo,250.8780000095751,131.4745931217774,118.80839108744962,12.666202034327764,9.633954160706766,47.357038513905216,52.40578811883046
2019,Antofagasta,Mujeres,Total,Indicadores principales por región y sexo,261.87600000000185,140.3113900628862,127.14171176143164,13.169678301454557,9.386036511755771,48.550348929046855,53.57932382611818
2020,Antofagasta,Mujeres,Total,Indicadores principales por región y sexo,272.39700000000005,132.1805152428894,117.49925607101075,14.68125917187866,11.1069768073615,43.135297404527485,48.52495264003986
2021,Antofagasta,Mujeres,Total,Indicadores principales por región y sexo,278.12000000254176,137.18124130778807,125.23736115195904,11.94388015582904,8.706642425716964,45.02997308744948,49.32447911208628
2022,Antofagasta,Mujeres,Total,Indicadores principales por región y sexo,281.519,144.55150040775607,131.79278165953048,12.758718748225602,8.826417375285175,46.81487986939798,51.34697850154202
2023,Antofagasta,Mujeres,Total,Indicadores principales por región y sexo,284.48800000000006,152.46288339396747,139.9499049307844,12.512978463183043,8.20722931682279,49.19360568135893,53.59202616418528
2024,Antofagasta,Mujeres,Total,Indicadores principales por región y sexo,287.3949999999999,157.82206369280732,143.25429389570218,14.567769797105159,9.230502666256214,49.84578503303892,54.91468664827409
2025,Antofagasta,Mujeres,Total,Indicadores principales por región y sexo,290.2170000000001,161.7130587197241,149.15062155042727,12.562437169296823,7.768350477539131,51.39279282413754,55.721428696363084
2010,Atacama,Mujeres,Total,Indicadores principales por región y sexo,106.621,46.92523044781467,42.51529213743133,4.409938310383342,9.397797876107637,39.87515793083101,44.011245859459834
2011,Atacama,Mujeres,Total,Indicadores principales por región y sexo,108.07700000000001,48.22183235553522,44.56177062109033,3.66006173444488,7.590051135882965,41.231502189263516,44.61803376808684
2012,Atacama,Mujeres,Total,Indicadores principales por región y sexo,109.437,48.928351440619785,46.06067427177321,2.867677168846577,5.860972390060669,42.08875816385063,44.70914904522217
2013,Atacama,Mujeres,Total,Indicadores principales por región y sexo,110.78300000039413,53.0549222106391,49.355190055256145,3.699732155382953,6.973400395714926,44.55123083422597,47.89085167439981
2014,Atacama,Mujeres,Total,Indicadores principales por región y sexo,112.13400000003196,55.5503959075591,51.32305078946556,4.227345118093537,7.6099279744616455,45.769392681480134,49.53929754360254
2015,Atacama,Mujeres,Total,Indicadores principales por región y sexo,113.42399999999996,52.93188708044392,49.70415903529663,3.2277280451472943,6.097889614707885,43.82155367056058,46.66727242950692
2016,Atacama,Mujeres,Total,Indicadores principales por región y sexo,114.69200000000002,56.240902780000226,51.9423582322468,4.29854454775343,7.643093078658813,45.28856261312628,49.036465298364504
2017,Atacama,Mujeres,Total,Indicadores principales por región y sexo,115.97800000304468,58.42361851278899,54.07617216630442,4.347446346484579,7.441248004063492,46.62623270351687,50.37474220218942
2018,Atacama,Mujeres,Total,Indicadores principales por región y sexo,117.71000000140415,63.67646545239334,57.64472600975358,6.031739442639747,9.472478410644946,48.9718171855118,54.09605424486767
2019,Atacama,Mujeres,Total,Indicadores principales por región y sexo,119.43500000000026,66.70286486684942,60.28187990636068,6.420984960488743,9.626250646514434,50.47254147139494,55.848674900028705
2020,Atacama,Mujeres,Total,Indicadores principales por región y sexo,121.13200000000002,54.62644944327811,48.98115433734565,5.64529510593246,10.334362133117045,40.43618064371565,45.096629662911624
2021,Atacama,Mujeres,Total,Indicadores principales por región y sexo,122.35400000037471,57.337318128214605,52.20672317142125,5.130594956793343,8.948090221660847,42.66858719066101,46.861825627310104
2022,Atacama,Mujeres,Total,Indicadores principales por región y sexo,123.37800000000001,63.191625104341355,57.7576311789185,5.433993925422857,8.599231174147368,46.81355766742733,51.2179036005944
2023,Atacama,Mujeres,Total,Indicadores principales por región y sexo,124.387,68.72689714739417,61.38858905393078,7.338308093463379,10.677490761332322,49.35289785422173,55.25247585953047
2024,Atacama,Mujeres,Total,Indicadores principales por región y sexo,125.46199999999999,70.12550023218935,63.2634698121779,6.862030420011452,9.785356820687047,50.42440724058114,55.893816639452076
2025,Atacama,Mujeres,Total,Indicadores principales por región y sexo,126.58900000000001,70.62518093928573,63.40331697575418,7.2218639635315425,10.225621892197282,50.08596084632486,55.79093044362916
2010,Coquimbo,Mujeres,Total,Indicadores principales por región y sexo,279.742,119.90490713404488,108.43520516721324,11.469701966831634,9.565665193343047,38.762575933257516,42.86267601362858
2011,Coquimbo,Mujeres,Total,Indicadores principales por región y sexo,285.62300000000005,131.5405297120659,120.26201103404537,11.278518678020548,8.574177633850592,42.105156459404654,46.0538996201517
2012,Coquimbo,Mujeres,Total,Indicadores principales por región y sexo,291.511,135.4347917007503,125.26212329239438,10.172668408355928,7.511119026810283,42.96994737501994,46.459581868523074
2013,Coquimbo,Mujeres,Total,Indicadores principales por región y sexo,297.3390000002649,135.41765944364678,125.19704590767046,10.22061353597633,7.547474663176833,42.105827324218794,45.5431878911028
2014,Coquimbo,Mujeres,Total,Indicadores principales por región y sexo,303.1800000000461,148.77669247215866,137.8181356102944,10.958556861864247,7.365775297037859,45.457528732196536,49.07206691474901
2015,Coquimbo,Mujeres,Total,Indicadores principales por región y sexo,309.0799999999999,152.98879126800617,140.74936917966843,12.239422088337735,8.000208372714496,45.53816784640496,49.498120638024524
2016,Coquimbo,Mujeres,Total,Indicadores principales por región y sexo,315.0830000000001,160.36705053349874,148.34454921975788,12.022501313740879,7.496865019182679,47.08110219204395,50.89676387919968
2017,Coquimbo,Mujeres,Total,Indicadores principales por región y sexo,321.5310000030011,156.95682747790488,143.7645887224632,13.192238755441686,8.405011089625129,44.71251254812796,48.815457133663585
2018,Coquimbo,Mujeres,Total,Indicadores principales por región y sexo,328.49600000172154,163.7760210278837,150.6768574642037,13.099163563679989,7.99821822600623,45.868703869579555,49.8563212419711
2019,Coquimbo,Mujeres,Total,Indicadores principales por región y sexo,335.5470000000007,171.21093281753096,159.4705677266773,11.740365090853658,6.857251985985043,47.52555311973494,51.02442662802249
2020,Coquimbo,Mujeres,Total,Indicadores principales por región y sexo,342.497,151.29209871704532,132.73452857276362,18.557570144281687,12.266053747452506,38.75494634194274,44.17326245691066
2021,Coquimbo,Mujeres,Total,Indicadores principales por región y sexo,348.4900000005138,146.91980277684655,132.90212781458757,14.017674962258958,9.54103851034303,38.13656857137698,42.15897235978935
2022,Coquimbo,Mujeres,Total,Indicadores principales por región y sexo,353.8879999999999,158.99777754788602,144.61282593166072,14.384951616225315,9.047265841117143,40.86400949782438,44.928841200573636
2023,Coquimbo,Mujeres,Total,Indicadores principales por región y sexo,359.414,171.25560656314371,153.92895503735858,17.326651525785145,10.117421480970101,42.82775713727305,47.64856309524496
2024,Coquimbo,Mujeres,Total,Indicadores principales por región y sexo,365.1840000000001,173.93432983164283,159.83898380463071,14.095346027012088,8.103832084589323,43.76943781891613,47.62923069785172
2025,Coquimbo,Mujeres,Total,Indicadores principales por región y sexo,371.033,180.81577652424625,164.9852249343214,15.830551589924866,8.75507209283925,44.46645579620179,48.73307132364136
2010,Valparaíso,Mujeres,Total,Indicadores principales por región y sexo,713.964,331.5644578698294,289.5765271416616,41.987930728167875,12.6635801068437,40.55898156512956,46.439940651045355
2011,Valparaíso,Mujeres,Total,Indicadores principales por región y sexo,725.029,352.2346284262339,313.74942365120233,38.48520477503155,10.926013988738543,43.274051610515215,48.582143393744786
2012,Valparaíso,Mujeres,Total,Indicadores principales por región y sexo,735.947,358.56882774316983,325.2121319829207,33.35669576024916,9.302731631803024,44.189613108406,48.72209924670796
2013,Valparaíso,Mujeres,Total,Indicadores principales por región y sexo,746.1080000034863,362.78098849562707,332.45452719993887,30.32646129568822,8.359440614968657,44.55849919829106,48.62312004346984
2014,Valparaíso,Mujeres,Total,Indicadores principales por región y sexo,756.1730000002199,369.262091516399,339.3543245447606,29.907766971638416,8.09933314541447,44.87786849631789,48.833017248207966
2015,Valparaíso,Mujeres,Total,Indicadores principales por región y sexo,766.122,377.90859005024106,348.09463372794886,29.813956322292153,7.889197839702067,45.43592714057929,49.327468738691884
2016,Valparaíso,Mujeres,Total,Indicadores principales por región y sexo,776.187,384.7778773708233,353.1949596595435,31.58291771127977,8.208090841158795,45.50384889975527,49.57283198131678
2017,Valparaíso,Mujeres,Total,Indicadores principales por región y sexo,787.4220000106623,400.1914544818339,368.3235123050272,31.867942176806736,7.96317408078321,46.77587269596732,50.82299636997887
2018,Valparaíso,Mujeres,Total,Indicadores principales por región y sexo,799.9080000052937,404.91216840776275,368.6338984765953,36.27826993116747,8.959540552664697,46.08453703102803,50.61984233250363
2019,Valparaíso,Mujeres,Total,Indicadores principales por región y sexo,812.4470000000013,408.1962543494632,370.154873156854,38.041381192609165,9.3193851700661,45.56049479619636,50.242816374417345
2020,Valparaíso,Mujeres,Total,Indicadores principales por región y sexo,824.8440000000004,356.408500049818,311.44491993736057,44.96358011245742,12.615742920321068,37.75803908828341,43.209200776124675
2021,Valparaíso,Mujeres,Total,Indicadores principales por región y sexo,834.850000002149,375.96770168534664,339.35669705851683,36.61100462682981,9.737805790953326,40.648822789440416,45.034162027235894
2022,Valparaíso,Mujeres,Total,Indicadores principales por región y sexo,843.706,411.26444818726594,375.2885418531239,35.97590633414208,8.747633424847056,44.480961597182414,48.74499507971567
2023,Valparaíso,Mujeres,Total,Indicadores principales por región y sexo,852.572,435.8944385948008,397.7765896426178,38.11784895218304,8.744743125208043,46.656070061252045,51.12699438813388
2024,Valparaíso,Mujeres,Total,Indicadores principales por región y sexo,861.5859999999999,435.08303325235386,395.77208141234394,39.31095184000986,9.035275760157944,45.93529623419415,50.49792281355011
2025,Valparaíso,Mujeres,Total,Indicadores principales por región y sexo,870.6109999999999,444.3791104153445,403.8927145180507,40.486395897293804,9.11077837557501,46.391868988337016,51.04221178176528
2010,Región Metropolitana,Mujeres,Total,Indicadores principales por región y sexo,2808.905999999999,1422.6538962849174,1291.0673084142977,131.58658787061972,9.249374581846057,45.96335044370649,50.64797099956061
2011,Región Metropolitana,Mujeres,Total,Indicadores principales por región y sexo,2851.449,1521.367324230243,1392.9486903727784,128.4186338574646,8.441001184407574,48.850555993559006,53.35418323211262
2012,Región Metropolitana,Mujeres,Total,Indicadores principales por región y sexo,2893.357,1534.2763868302168,1417.7559479853617,116.52043884485526,7.594488179902455,49.00038080283081,53.02755196922525
2013,Región Metropolitana,Mujeres,Total,Indicadores principales por región y sexo,2928.691000034651,1566.3978886719754,1463.8032018946017,102.59468677737367,6.549720701191418,49.981483259151695,53.484573437533776
2014,Región Metropolitana,Mujeres,Total,Indicadores principales por región y sexo,2964.244000002517,1599.9122845732936,1493.5066765268177,106.40560804647562,6.6507151093508,50.38406678146432,53.97370407334668
2015,Región Metropolitana,Mujeres,Total,Indicadores principales por región y sexo,3000.2259999999997,1610.4765609051856,1500.5736957430304,109.90286516215518,6.82424493656605,50.01535536799663,53.67850824921808
2016,Región Metropolitana,Mujeres,Total,Indicadores principales por región y sexo,3040.899,1630.7365508598834,1511.3049869022816,119.4315639576018,7.323780404298034,49.6992825773655,53.626790987135166
2017,Región Metropolitana,Mujeres,Total,Indicadores principales por región y sexo,3100.9860001320358,1727.8218849821985,1600.9222736123888,126.89961136980972,7.344484548597851,51.62623351231588,55.71846776827209
2018,Región Metropolitana,Mujeres,Total,Indicadores principales por región y sexo,3186.214000068626,1801.358194401823,1648.679413111116,152.6787812907068,8.475759111385775,51.744151933159735,56.536007762285415
2019,Región Metropolitana,Mujeres,Total,Indicadores principales por región y sexo,3279.0730000000135,1851.9782140108666,1699.7206533933359,152.25756061753063,8.22134728506246,51.83540145014548,56.4787125511039
2020,Región Metropolitana,Mujeres,Total,Indicadores principales por región y sexo,3370.3529999999996,1679.7961339325789,1488.1085741595773,191.68755977300157,11.411358551245197,44.152899537810356,49.84036194228258
2021,Región Metropolitana,Mujeres,Total,Indicadores principales por región y sexo,3420.630000022275,1775.7448952003924,1596.2075843535674,179.53731084682522,10.110535096121701,46.664140358447796,51.91280247173267
2022,Región Metropolitana,Mujeres,Total,Indicadores principales por región y sexo,3450.47,1883.1857597555174,1712.3462047525709,170.83955500294647,9.071837662213712,49.62646261965967,54.57765926831757
2023,Región Metropolitana,Mujeres,Total,Indicadores principales por región y sexo,3476.737,1963.247727717586,1773.6372433739098,189.61048434367652,9.6580009576332,51.01442080243371,56.4681115574053
2024,Región Metropolitana,Mujeres,Total,Indicadores principales por región y sexo,3502.5130000000004,1983.031193859597,1796.481392820461,186.54980103913613,9.407305422969776,51.29121270414873,56.617382829402686
2025,Región Metropolitana,Mujeres,Total,Indicadores principales por región y sexo,3528.1369999999997,2014.426479931734,1822.4210338159457,192.00544611578835,9.53151917077138,51.65391915948688,57.09603906911025
2010,Maule,Mujeres,Total,Indicadores principales por región y sexo,401.9309999999999,158.8956074509845,143.3480018314679,15.547605619516604,9.784792587367571,35.66482849829148,39.533056034738436
2011,Maule,Mujeres,Total,Indicadores principales por región y sexo,408.39700000000005,174.74714402588583,159.24439986561063,15.50274416027519,8.871529344124058,38.992548883956204,42.78854742465929
2012,Maule,Mujeres,Total,Indicadores principales por región y sexo,414.764,180.37572180930673,162.71346716249383,17.66225464681292,9.79192458366734,39.23037369745055,43.488760309310045
2013,Maule,Mujeres,Total,Indicadores principales por región y sexo,420.9810000002087,191.80072576493282,177.65505318351566,14.145672581417145,7.37519241650514,42.20025444935225,45.56042333616902
2014,Maule,Mujeres,Total,Indicadores principales por región y sexo,427.30700000003736,198.08959739097347,182.4919603340462,15.597637056927244,7.874031378912781,42.70745865011111,46.35767665658558
2015,Maule,Mujeres,Total,Indicadores principales por región y sexo,433.6689999999999,207.08277673349366,192.59346203706352,14.489314696430144,6.99687097352246,44.410244227063394,47.75134416651725
2016,Maule,Mujeres,Total,Indicadores principales por región y sexo,440.11400000000003,207.22342830879424,194.80480139173287,12.418626917061365,5.992868189863037,44.262350525484955,47.0840346612001
2017,Maule,Mujeres,Total,Indicadores principales por región y sexo,446.86500000334354,208.85420679461205,194.68470970689302,14.169497087719042,6.784396304573062,43.566784085895364,46.7376515934453
2018,Maule,Mujeres,Total,Indicadores principales por región y sexo,453.73400000241065,220.1804001043481,203.4012595536267,16.779140550721447,7.620633145715723,44.82830459091582,48.526317204172116
2019,Maule,Mujeres,Total,Indicadores principales por región y sexo,460.6770000000005,225.12173597336204,207.3595607259533,17.762175247408717,7.890031218269594,45.01191957183733,48.86758747959238
2020,Maule,Mujeres,Total,Indicadores principales por región y sexo,467.48400000000004,199.35732720512135,181.37590369352495,17.981423511596397,9.019695319798844,38.7983126039661,42.644738045606125
2021,Maule,Mujeres,Total,Indicadores principales por región y sexo,473.44500000094826,192.83294856635922,178.28886684614528,14.544081720213963,7.542321905226138,37.657777956423274,40.729746552603366
2022,Maule,Mujeres,Total,Indicadores principales por región y sexo,479.10299999999995,217.97777834787547,200.6912990239873,17.286479323888134,7.9303860489394795,41.888967304313965,45.497059786283
2023,Maule,Mujeres,Total,Indicadores principales por región y sexo,484.79099999999994,235.2915652784744,213.7280977095223,21.563467568952092,9.164573130120964,44.08664717569475,48.53463972690797
2024,Maule,Mujeres,Total,Indicadores principales por región y sexo,490.59799999999996,244.47683704905083,220.41357575698814,24.0632612920627,9.842757122726823,44.92753247200114,49.83241616334573
2025,Maule,Mujeres,Total,Indicadores principales por región y sexo,496.35699999999997,239.55768876633016,218.2069916391765,21.350697127153673,8.912549305808177,43.961703298065004,48.26318330683967
2010,Libertador General Bernardo O'Higgins,Mujeres,Total,Indicadores principales por región y sexo,341.63300000000004,148.396599355544,135.56998601118414,12.82661334435986,8.643468516167628,39.68293051642673,43.437431207039126
2011,Libertador General Bernardo O'Higgins,Mujeres,Total,Indicadores principales por región y sexo,347.35300000000007,155.80815411102392,143.3957232866625,12.412430824361424,7.966483458572212,41.28241969600449,44.85585387517134
2012,Libertador General Bernardo O'Higgins,Mujeres,Total,Indicadores principales por región y sexo,353.074,166.1019110358848,154.8698292638289,11.232081772055881,6.762162880612068,43.86327774456032,47.0445037119371
2013,Libertador General Bernardo O'Higgins,Mujeres,Total,Indicadores principales por región y sexo,358.67500000086835,171.77343664321742,162.5126487402446,9.260787902972837,5.391280563483158,45.309165327901624,47.89110940065563
2014,Libertador General Bernardo O'Higgins,Mujeres,Total,Indicadores principales por región y sexo,364.2560000001101,174.15064098678872,163.83388358425915,10.31675740252955,5.924042164916402,44.97767602570985,47.80995810274535
2015,Libertador General Bernardo O'Higgins,Mujeres,Total,Indicadores principales por región y sexo,369.72299999999996,172.2082851169161,160.99489164229107,11.21339347462503,6.51152960904988,43.5447325814978,46.57765005610042
2016,Libertador General Bernardo O'Higgins,Mujeres,Total,Indicadores principales por región y sexo,375.2990000000001,183.11400043374795,168.7684431483142,14.345557285433754,7.834221988189313,44.96906284011259,48.79149702870188
2017,Libertador General Bernardo O'Higgins,Mujeres,Total,Indicadores principales por región y sexo,381.36200000476055,186.8076157442352,171.60238079253452,15.205234951700648,8.139515560499772,44.99724167336871,48.98432873277969
2018,Libertador General Bernardo O'Higgins,Mujeres,Total,Indicadores principales por región y sexo,387.59400000306846,189.64839774967874,174.30785192471203,15.340545824966714,8.088940379667775,44.97176218500082,48.9296526128313
2019,Libertador General Bernardo O'Higgins,Mujeres,Total,Indicadores principales por región y sexo,393.92200000000054,190.31890989322028,177.04154853140116,13.277361361819118,6.976375268893917,44.943300585243,48.31385652317465
2020,Libertador General Bernardo O'Higgins,Mujeres,Total,Indicadores principales por región y sexo,400.1460000000001,175.8932147015376,155.99068373769944,19.90253096383816,11.315121505744006,38.983441978102846,43.95725927574875
2021,Libertador General Bernardo O'Higgins,Mujeres,Total,Indicadores principales por región y sexo,405.31400000090395,167.67056641167528,151.88318172819805,15.787384683477251,9.415716199535627,37.47296706451277,41.368066834923376
2022,Libertador General Bernardo O'Higgins,Mujeres,Total,Indicadores principales por región y sexo,410.065,183.96079106601022,169.58663906277906,14.37415200323117,7.813704170294271,41.3560384482409,44.861373456893475
2023,Libertador General Bernardo O'Higgins,Mujeres,Total,Indicadores principales por región y sexo,414.9359999999999,188.05185517615462,170.12086909632467,17.930986079829943,9.53512852241387,40.9993032892602,45.320689257175715
2024,Libertador General Bernardo O'Higgins,Mujeres,Total,Indicadores principales por región y sexo,419.84999999999997,203.12225558776586,181.74157508661747,21.380680501148394,10.526015693986887,43.287263328954985,48.379720278138834
2025,Libertador General Bernardo O'Higgins,Mujeres,Total,Indicadores principales por región y sexo,424.748,209.48234610537614,189.0227919275102,20.459554177865915,9.766719992516277,44.50233831060069,49.319207178227124
2010,Ñuble,Mujeres,Total,Indicadores principales por región y sexo,192.05299999999997,76.17476241261042,68.57940839900792,7.5953540136025035,9.97095858660023,35.70858481721605,39.663406670351634
2011,Ñuble,Mujeres,Total,Indicadores principales por región y sexo,194.73200000000003,80.15521709029719,70.99029944910647,9.16491764119071,11.433962721186525,36.45538455369763,41.16181063733602
2012,Ñuble,Mujeres,Total,Indicadores principales por región y sexo,197.359,88.86275877194502,80.87959765417752,7.983161117767513,8.983697139377906,40.980952302239835,45.02594701632306
2013,Ñuble,Mujeres,Total,Indicadores principales por región y sexo,199.8780000009644,90.82959470803439,83.29811039212473,7.531484315909658,8.291883653251022,41.67447662660364,45.44251728934457
2014,Ñuble,Mujeres,Total,Indicadores principales por región y sexo,202.35500000004183,91.71971646404631,84.16954179744572,7.55017466660059,8.231790238427331,41.594989892727305,45.32614289937356
2015,Ñuble,Mujeres,Total,Indicadores principales por región y sexo,204.791,90.56771228030513,82.48350436060699,8.084207919698157,8.926147868986362,40.27691859535184,44.22445921954829
2016,Ñuble,Mujeres,Total,Indicadores principales por región y sexo,207.23400000000004,99.99722036672175,91.88928641674445,8.10793394997731,8.108159327072219,44.340835199216556,48.25328872999688
2017,Ñuble,Mujeres,Total,Indicadores principales por región y sexo,209.820000001414,96.8415238014464,88.46381929501,8.377704506436398,8.650942465148685,42.161766892771816,46.15457239576483
2018,Ñuble,Mujeres,Total,Indicadores principales por región y sexo,212.4490000005368,100.25699655808661,88.80235311252892,11.454643445557684,11.425280866977824,41.799374490962315,47.19108894738656
2019,Ñuble,Mujeres,Total,Indicadores principales por región y sexo,215.0530000000005,103.6081101912355,93.43766236214795,10.17044782908754,9.816266130436462,43.448667241167406,48.177942270619454
2020,Ñuble,Mujeres,Total,Indicadores principales por región y sexo,217.605,85.62496269786556,75.9445477922476,9.680414905617964,11.305598975588547,34.90018510247816,39.348802967700905
2021,Ñuble,Mujeres,Total,Indicadores principales por región y sexo,219.8490000001621,89.78697676391748,81.4975795437557,8.289397220161769,9.232293500601541,37.06979769919154,40.840293457714736
2022,Ñuble,Mujeres,Total,Indicadores principales por región y sexo,221.96699999999998,95.61860666209157,86.97369130371253,8.644915358379034,9.041038831416428,39.18316294931793,43.07784790626155
2023,Ñuble,Mujeres,Total,Indicadores principales por región y sexo,224.03800000000004,98.5262184471609,87.14339037453115,11.382828072629755,11.553095462335545,38.89670072689952,43.97745848791762
2024,Ñuble,Mujeres,Total,Indicadores principales por región y sexo,226.15400000000002,102.87446787863448,92.14614949235317,10.728318386281307,10.428552980646252,40.74486831643622,45.4886793417912
2025,Ñuble,Mujeres,Total,Indicadores principales por región y sexo,228.173,107.96066979582996,95.97961120107925,11.981058594750708,11.09761417505904,42.06440341367263,47.315269464761364
2010,Biobío,Mujeres,Total,Indicadores principales por región y sexo,629.806,275.2236349095637,244.0386453958345,31.18498951372921,11.33078179276876,38.748224913042186,43.69974800328414
2011,Biobío,Mujeres,Total,Indicadores principales por región y sexo,637.569,284.58181366492715,254.9177440008483,29.664069664078884,10.423740463965842,39.98276955135026,44.63545336503612
2012,Biobío,Mujeres,Total,Indicadores principales por región y sexo,645.132,281.19305377541116,251.77609914046295,29.416954634948187,10.46147984097911,39.027067195622436,43.586902180547725
2013,Biobío,Mujeres,Total,Indicadores principales por región y sexo,652.3010000006718,278.6012285303664,251.5689342721421,27.032294258224336,9.702862546881384,38.56638795155657,42.71053218224095
2014,Biobío,Mujeres,Total,Indicadores principales por región y sexo,659.2540000000253,285.4120160294813,258.4915905428497,26.92042548663158,9.432127582130551,39.20971136206072,43.29317926466436
2015,Biobío,Mujeres,Total,Indicadores principales por región y sexo,665.8640000000001,299.86586379086083,274.60585178621267,25.26001200464819,8.423770443662635,41.240531367698594,45.03410062578255
2016,Biobío,Mujeres,Total,Indicadores principales por región y sexo,672.3589999999999,299.62899055342183,275.83679955450117,23.792190998920674,7.9405503970012825,41.02522604062729,44.563840233182255
2017,Biobío,Mujeres,Total,Indicadores principales por región y sexo,678.9120000047378,302.35636086115676,277.33289106560125,25.02346979555551,8.276151268749523,40.84960805872718,44.535427398403144
2018,Biobío,Mujeres,Total,Indicadores principales por región y sexo,685.3400000016106,315.3104094928586,289.35378922782536,25.956620265033173,8.23208479123207,42.22047293710353,46.00788068580815
2019,Biobío,Mujeres,Total,Indicadores principales por región y sexo,691.6290000000007,323.8350737460099,298.81251695195954,25.022556794050363,7.726944615540946,43.20416248479448,46.82207856321953
2020,Biobío,Mujeres,Total,Indicadores principales por región y sexo,697.6440000000001,277.7586018571766,252.25783537904962,25.50076647812695,9.180909720750769,36.158532916365594,39.81380214796895
2021,Biobío,Mujeres,Total,Indicadores principales por región y sexo,702.687000000816,281.2269968723039,258.5798028471661,22.647194025137786,8.052994298915458,36.79871733031432,40.021659269628906
2022,Biobío,Mujeres,Total,Indicadores principales por región y sexo,707.5520000000001,316.32118538352125,291.3610000749336,24.960185308587683,7.890772563438928,41.17874023039063,44.706422338361165
2023,Biobío,Mujeres,Total,Indicadores principales por región y sexo,712.2290000000002,322.97605073379924,295.91963637637485,27.056414357424398,8.377220012428916,41.548383508165884,45.34721988767646
2024,Biobío,Mujeres,Total,Indicadores principales por región y sexo,717.0499999999998,336.61910809606337,303.1901718168791,33.4289362791842,9.930789867592528,42.282988887368965,46.94499799122285
2025,Biobío,Mujeres,Total,Indicadores principales por región y sexo,721.919,341.5696091635411,307.40339712429255,34.16621203924852,10.00270841510668,42.581424941619844,47.31411822705056
2010,La Araucanía,Mujeres,Total,Indicadores principales por región y sexo,375.55499999999995,163.05876996503977,143.6732457293637,19.38552423567604,11.888673169699702,38.256246283331,43.418079899093286
2011,La Araucanía,Mujeres,Total,Indicadores principales por región y sexo,380.629,166.90949839952705,148.11539910837865,18.79409929114841,11.260053784453566,38.913324814551345,43.85096731975941
2012,La Araucanía,Mujeres,Total,Indicadores principales por región y sexo,385.607,180.91333542334945,161.73046898987306,19.182866433476402,10.603345733794137,41.94178762052376,46.916507071539016
2013,La Araucanía,Mujeres,Total,Indicadores principales por región y sexo,390.16800000087926,189.94407681450778,172.48849836748272,17.455578447025086,9.189851423517432,44.20877631356082,48.68263845678777
2014,La Araucanía,Mujeres,Total,Indicadores principales por región y sexo,394.6010000000226,198.29403207599452,183.69836482258177,14.595667253412788,7.360618522205005,46.55293950663359,50.25178143896826
2015,La Araucanía,Mujeres,Total,Indicadores principales por región y sexo,398.81800000000004,187.45390762908136,171.2189740615043,16.234933567577073,8.660760275908169,42.931606412324484,47.00236890739168
2016,La Araucanía,Mujeres,Total,Indicadores principales por región y sexo,402.88900000000007,191.61615971464778,174.83529076863846,16.780868946009335,8.757543711866045,43.395399419849745,47.560533972048816
2017,La Araucanía,Mujeres,Total,Indicadores principales por región y sexo,407.0080000033831,201.5008043977566,180.58300244693598,20.91780195082062,10.381001710310544,44.36841596367515,49.50782402215232
2018,La Araucanía,Mujeres,Total,Indicadores principales por región y sexo,411.1100000009072,196.76601571406084,180.16499621147932,16.60101950258152,8.436934316292717,43.82403644063189,47.86213317935021
2019,La Araucanía,Mujeres,Total,Indicadores principales por región y sexo,415.22200000000015,197.96443921515444,181.16022298043427,16.804216234720176,8.488502430710188,43.629726503035535,47.67677030965468
2020,La Araucanía,Mujeres,Total,Indicadores principales por región y sexo,419.169,164.08364769525582,146.37694055218418,17.706707143071643,10.791268594879975,34.920745702135456,39.14498631703581
2021,La Araucanía,Mujeres,Total,Indicadores principales por región y sexo,422.5850000002446,159.73669726902892,148.7048767071157,11.031820561913275,6.906253071786915,35.18934100998133,37.799897599047874
2022,La Araucanía,Mujeres,Total,Indicadores principales por región y sexo,425.85299999999995,187.5654762198443,172.07450113734978,15.490975082494518,8.258969291522309,40.40701865135382,44.044653018728134
2023,La Araucanía,Mujeres,Total,Indicadores principales por región y sexo,429.08000000000004,196.49966741462572,179.91350062386016,16.586166790765574,8.440811635455749,41.93005980792862,45.795578310484224
2024,La Araucanía,Mujeres,Total,Indicadores principales por región y sexo,432.49000000000007,206.55707017986046,182.99219841558522,23.56487176427525,11.408407247331711,42.31131319003565,47.75996443382747
2025,La Araucanía,Mujeres,Total,Indicadores principales por región y sexo,435.68699999999995,209.90733328300777,189.23423471198618,20.673098571021594,9.848678580061359,43.43352790236711,48.178470618358546
2010,Los Ríos,Mujeres,Total,Indicadores principales por región y sexo,151.318,62.44381846452256,54.54251020106296,7.901308263459595,12.653467481250722,36.044958432614074,41.2666163077245
2011,Los Ríos,Mujeres,Total,Indicadores principales por región y sexo,153.29100000000003,65.61080970132898,59.2287214210087,6.382088280320293,9.727190244065866,38.6380944876142,42.80147542995281
2012,Los Ríos,Mujeres,Total,Indicadores principales por región y sexo,155.217,70.74214332832783,63.97862010275447,6.763523225573358,9.560811854657205,41.21882274670588,45.57628566995099
2013,Los Ríos,Mujeres,Total,Indicadores principales por región y sexo,156.99300000025306,74.64149553926,68.80164341488285,5.8398521243771695,7.823868053803287,43.82465677754546,47.54447366388291
2014,Los Ríos,Mujeres,Total,Indicadores principales por región y sexo,158.7800000000192,75.38351452653244,70.4712784547626,4.91223607176985,6.516326683125007,44.38296917417438,47.47670646587942
2015,Los Ríos,Mujeres,Total,Indicadores principales por región y sexo,160.48699999999997,77.90984681163309,72.64223500362733,5.267611808005768,6.761163092441398,45.26362571649251,48.5458926963761
2016,Los Ríos,Mujeres,Total,Indicadores principales por región y sexo,162.246,81.07029237063354,76.10138346078891,4.968908909844636,6.12913653638746,46.90493661525641,49.96751375727817
2017,Los Ríos,Mujeres,Total,Indicadores principales por región y sexo,164.07700000143285,83.6353923928795,78.99471696927631,4.640675423603185,5.548698093988115,48.144905726327565,50.973257916800726
2018,Los Ríos,Mujeres,Total,Indicadores principales por región y sexo,165.82800000093397,84.22277260214945,78.49733166614432,5.725440936005126,6.797972518728275,47.33659675428891,50.78923499148219
2019,Los Ríos,Mujeres,Total,Indicadores principales por región y sexo,167.4990000000002,84.61630554701115,78.73052691236197,5.885778634649186,6.955844499000446,47.00358026756092,50.51749893850772
2020,Los Ríos,Mujeres,Total,Indicadores principales por región y sexo,169.2,72.4052732690659,64.97807218023459,7.427201088831309,10.257817909520234,38.40311594576512,42.79271469802949
2021,Los Ríos,Mujeres,Total,Indicadores principales por región y sexo,170.69600000011377,72.1143417576415,65.64510522792934,6.469236529712166,8.970804380983846,38.45731899276233,42.24723587992304
2022,Los Ríos,Mujeres,Total,Indicadores principales por región y sexo,172.109,79.4614190547305,73.59765089630329,5.863768158427206,7.379390184799529,42.762232594636714,46.16924103604722
2023,Los Ríos,Mujeres,Total,Indicadores principales por región y sexo,173.538,83.54177763251145,75.47063705802344,8.071140574488005,9.661202817579271,43.48940120205571,48.14033677494927
2024,Los Ríos,Mujeres,Total,Indicadores principales por región y sexo,174.98,89.1497298835779,81.1147621492273,8.034967734350595,9.012890723105487,46.35659055276449,50.94852547924214
2025,Los Ríos,Mujeres,Total,Indicadores principales por región y sexo,176.463,90.3354107299531,81.49075606199983,8.84465466795327,9.790905467174225,46.18008084527626,51.19226734780271
2010,Los Lagos,Mujeres,Total,Indicadores principales por región y sexo,315.66499999999996,138.73941115481006,128.0062251511734,10.733186003636659,7.736219949542826,40.55128859746041,43.951471070536826
2011,Los Lagos,Mujeres,Total,Indicadores principales por región y sexo,320.825,140.61829927111467,133.59679521325145,7.021504057863202,4.993307481500408,41.64164114805625,43.83021873953547
2012,Los Lagos,Mujeres,Total,Indicadores principales por región y sexo,325.89400000000006,152.31259304228158,144.56898524951285,7.743607792768703,5.0840233483643065,44.360738537534544,46.73685095223647
2013,Los Lagos,Mujeres,Total,Indicadores principales por región y sexo,330.5980000013209,159.80020971817706,154.44198713502644,5.358222583150627,3.3530760645435724,46.71594720307121,48.33671399026569
2014,Los Lagos,Mujeres,Total,Indicadores principales por región y sexo,335.2360000000787,167.25123507364367,158.08158895391156,9.169646119732139,5.4825580903450915,47.15531415297714,49.890595005788285
2015,Los Lagos,Mujeres,Total,Indicadores principales por región y sexo,339.71199999999993,164.11507644485965,157.96091293711046,6.154163507749195,3.749907468017972,46.49847898723345,48.31006159478019
2016,Los Lagos,Mujeres,Total,Indicadores principales por región y sexo,344.16999999999996,165.03693428422812,160.54181380621085,4.495120478017273,2.7237057556314848,46.64608007851088,47.95215570335246
2017,Los Lagos,Mujeres,Total,Indicadores principales por región y sexo,348.6250000021915,165.16144469271282,157.75053036213606,7.410914330576782,4.487072842190852,45.2493453886395,47.37510066451764
2018,Los Lagos,Mujeres,Total,Indicadores principales por región y sexo,353.1640000006917,164.61599398339618,157.2453604940829,7.370633489313303,4.477471059134591,44.52474218600278,46.6117707306163
2019,Los Lagos,Mujeres,Total,Indicadores principales por región y sexo,357.68600000000026,174.91637834610498,168.1938058318612,6.722572514243804,3.843306486109568,47.02275342950551,48.90221544765656
2020,Los Lagos,Mujeres,Total,Indicadores principales por región y sexo,362.078,137.90063979472842,128.99687577014015,8.903764024588277,6.456651715207376,35.626819572064626,38.08589303816537
2021,Los Lagos,Mujeres,Total,Indicadores principales por región y sexo,366.0820000003702,133.55334611103552,129.01422590709493,4.539120203940611,3.398731919578272,35.24189277455992,36.48181175553577
2022,Los Lagos,Mujeres,Total,Indicadores principales por región y sexo,369.721,142.18682567236635,135.84615395379052,6.34067171857585,4.459394665147337,36.74288286404897,38.4578711169683
2023,Los Lagos,Mujeres,Total,Indicadores principales por región y sexo,373.637,159.7629797991991,151.08239669991605,8.680583099283039,5.433413366596806,40.43560908044868,42.75887553941368
2024,Los Lagos,Mujeres,Total,Indicadores principales por región y sexo,377.69899999999996,180.3938216660778,171.3707366124404,9.02308505363738,5.001881422712898,45.37230350422967,47.76126536370968
2025,Los Lagos,Mujeres,Total,Indicadores principales por región y sexo,381.442,181.23614041975407,170.18334923186097,11.0527911878931,6.098558026171907,44.61578673346432,47.51342023682606
2010,Aysén del General Carlos Ibáñez del Campo,Mujeres,Total,Indicadores principales por región y sexo,36.517,19.609001154804222,18.29083779516574,1.3181633596384814,6.722236126318602,50.08855545407821,53.69828067695654
2011,Aysén del General Carlos Ibáñez del Campo,Mujeres,Total,Indicadores principales por región y sexo,37.074,22.04705718209536,20.841638540205224,1.205418641890136,5.467480906563207,56.216320171023426,59.46770562144727
2012,Aysén del General Carlos Ibáñez del Campo,Mujeres,Total,Indicadores principales por región y sexo,37.612,22.131430494365283,20.9260555063284,1.2053749880368827,5.4464395708346744,55.63664656579922,58.84140831214847
2013,Aysén del General Carlos Ibáñez del Campo,Mujeres,Total,Indicadores principales por región y sexo,38.08700000010127,22.83626929223816,21.618559321772533,1.2177099704656296,5.332350721926011,56.7609927841916,59.958172846843915
2014,Aysén del General Carlos Ibáñez del Campo,Mujeres,Total,Indicadores principales por región y sexo,38.582000000010126,23.685742612553934,22.50704064256635,1.178701969987587,4.976419735992784,58.335598575917366,61.390655260348645
2015,Aysén del General Carlos Ibáñez del Campo,Mujeres,Total,Indicadores principales por región y sexo,39.06600000000001,24.071504413981703,23.02902611564944,1.0424782983322638,4.330756733786653,58.94902502342047,61.617530369072085
2016,Aysén del General Carlos Ibáñez del Campo,Mujeres,Total,Indicadores principales por región y sexo,39.53400000000001,25.035602406210568,23.995787002468802,1.0398154037417684,4.153346849300587,60.69658269456365,63.3267628021717
2017,Aysén del General Carlos Ibáñez del Campo,Mujeres,Total,Indicadores principales por región y sexo,40.065000000420326,26.136319720505718,24.9711212764581,1.1651984440476193,4.45815805938983,62.326522591279485,65.23479276233999
2018,Aysén del General Carlos Ibáñez del Campo,Mujeres,Total,Indicadores principales por región y sexo,40.56900000027223,26.320918501554118,25.461955330923985,0.8589631706301317,3.2634239970744723,62.76209749008635,64.87938697374226
2019,Aysén del General Carlos Ibáñez del Campo,Mujeres,Total,Indicadores principales por región y sexo,41.08500000000007,26.146257941299755,25.185001961401614,0.9612559798981406,3.6764571896147817,61.29974920628348,63.63942543823708
2020,Aysén del General Carlos Ibáñez del Campo,Mujeres,Total,Indicadores principales por región y sexo,41.626,24.953107403822152,23.475506329187212,1.4776010746349426,5.921511300066032,56.39625793779659,59.94596503104347
2021,Aysén del General Carlos Ibáñez del Campo,Mujeres,Total,Indicadores principales por región y sexo,42.062000000087906,24.658231670985298,23.58855483376548,1.0696768372198187,4.338011141644353,56.080440382569016,58.62353590160658
2022,Aysén del General Carlos Ibáñez del Campo,Mujeres,Total,Indicadores principales por región y sexo,42.461999999999996,27.17175530886794,25.62349264767371,1.548262661194235,5.698059045485863,60.34452604133982,63.990757168451665
2023,Aysén del General Carlos Ibáñez del Campo,Mujeres,Total,Indicadores principales por región y sexo,42.86900000000001,28.16053724058738,26.57057696893061,1.5899602716567698,5.646058021099052,61.98086488821901,65.68974606495924
2024,Aysén del General Carlos Ibáñez del Campo,Mujeres,Total,Indicadores principales por región y sexo,43.300999999999995,27.88822958626977,26.407568365261387,1.480661221008381,5.309269333243569,60.986047355168225,64.40550930987683
2025,Aysén del General Carlos Ibáñez del Campo,Mujeres,Total,Indicadores principales por región y sexo,43.671,28.010039253319768,26.544808550530597,1.4652307027891736,5.231091215323854,60.78360594108355,64.13876314561098
2010,Magallanes y de la Antártica Chilena,Mujeres,Total,Indicadores principales por región y sexo,62.053,28.429379374839836,26.78027712292153,1.6491022519183038,5.800697335580139,43.15710299731121,45.81467354493712
2011,Magallanes y de la Antártica Chilena,Mujeres,Total,Indicadores principales por región y sexo,62.876,31.680830276948768,29.343846389777,2.336983887171769,7.37664974920868,46.66939116638621,50.386205033635676
2012,Magallanes y de la Antártica Chilena,Mujeres,Total,Indicadores principales por región y sexo,63.73,31.35224732086405,29.568744927015484,1.7835023938485643,5.688595064959485,46.396900874023984,49.19542965771858
2013,Magallanes y de la Antártica Chilena,Mujeres,Total,Indicadores principales por región y sexo,64.53900000015639,31.22195791817008,29.28283298479134,1.939124933378737,6.210773002964797,45.372306643611424,48.37688516725456
2014,Magallanes y de la Antártica Chilena,Mujeres,Total,Indicadores principales por región y sexo,65.3510000000353,32.29036733764765,31.005593441702395,1.284773895945253,3.97881474221361,47.44471154486641,49.41067059054981
2015,Magallanes y de la Antártica Chilena,Mujeres,Total,Indicadores principales por región y sexo,66.207,34.62970896234914,33.42030907791586,1.2093998844332803,3.4923766923602795,50.4785129637589,52.30520785166092
2016,Magallanes y de la Antártica Chilena,Mujeres,Total,Indicadores principales por región y sexo,67.10400000000001,35.21053691484104,33.53947268561735,1.6710642292236928,4.745920896535232,49.98133149382652,52.47159173050942
2017,Magallanes y de la Antártica Chilena,Mujeres,Total,Indicadores principales por región y sexo,68.10300000200372,37.46154362861735,36.16705764222967,1.294485986387682,3.4555062632251166,53.10640888237752,55.007185626940306
2018,Magallanes y de la Antártica Chilena,Mujeres,Total,Indicadores principales por región y sexo,69.36100000130776,41.28548884328737,39.46714627796162,1.8183425653257517,4.404314000562929,56.90106295644165,59.52262632100022
2019,Magallanes y de la Antártica Chilena,Mujeres,Total,Indicadores principales por región y sexo,70.61100000000025,40.52229822587958,38.39472170241428,2.1275765234653066,5.2503846440440265,54.37498647861402,57.38808149704641
2020,Magallanes y de la Antártica Chilena,Mujeres,Total,Indicadores principales por región y sexo,71.816,36.095323000645344,33.263376695509095,2.8319463051362486,7.8457430761476115,46.317501246949284,50.26083741874422
2021,Magallanes y de la Antártica Chilena,Mujeres,Total,Indicadores principales por región y sexo,72.69400000031854,38.635000774420924,36.338206041847,2.296794732573926,5.9448548894415065,49.987902772839256,53.14744101886212
2022,Magallanes y de la Antártica Chilena,Mujeres,Total,Indicadores principales por región y sexo,73.402,41.940561465057854,39.653707788798926,2.2868536762589313,5.45260625126392,54.02265304596459,57.138172617991145
2023,Magallanes y de la Antártica Chilena,Mujeres,Total,Indicadores principales por región y sexo,74.09,44.25445891564583,41.438658888335986,2.815800027309839,6.362748740589244,55.9301645138831,59.73067744047216
2024,Magallanes y de la Antártica Chilena,Mujeres,Total,Indicadores principales por región y sexo,74.76799999999999,44.10874918921395,40.96530273450919,3.1434464547047645,7.126582622464028,54.789887029891396,58.99415416918195
2025,Magallanes y de la Antártica Chilena,Mujeres,Total,Indicadores principales por región y sexo,75.433,45.60997542190586,42.34021674932432,3.2697586725815357,7.16895512952001,56.129567628656304,60.4642204630677
2010,Chile,Ambos,15-24,Indicadores principales por grupo etario,2885.1100000000147,1081.7409395979053,880.6926782349656,201.04826136293957,18.5856200873447,30.525445415771358,37.49392361462473
2011,Chile,Ambos,15-24,Indicadores principales por grupo etario,2900.663000001313,1118.8940667328957,922.2841797744452,196.6098869584504,17.5718053034761,31.795633611144343,38.57373527129451
2012,Chile,Ambos,15-24,Indicadores principales por grupo etario,2904.6780000009694,1084.3423942224629,906.2948607516659,178.0475334707969,16.419862805278168,31.20121613312606,37.33089844113877
2013,Chile,Ambos,15-24,Indicadores principales por grupo etario,2888.1860001620603,1053.1672248150333,884.0269686042367,169.14025621079657,16.060151913719356,30.608380781384326,36.46466068168526
2014,Chile,Ambos,15-24,Indicadores principales por grupo etario,2854.2900003432255,1046.7501500475098,875.0731190770689,171.6770309704409,16.400955945661806,30.65817134810556,36.67287311105876
2015,Chile,Ambos,15-24,Indicadores principales por grupo etario,2811.731000000023,1014.3587215636899,859.2420147928929,155.11670677079707,15.292095732333836,30.559182752293367,36.075951844741965
2016,Chile,Ambos,15-24,Indicadores principales por grupo etario,2765.033000000271,970.1782918590128,820.2790520653845,149.89923979362828,15.450689945494242,29.666157766120843,35.08740372570301
2017,Chile,Ambos,15-24,Indicadores principales por grupo etario,2735.9740000811444,959.8538662621756,793.4811441044823,166.3727221576934,17.3331303863551,29.001779405833133,35.082711540157476
2018,Chile,Ambos,15-24,Indicadores principales por grupo etario,2730.6380000710524,937.5676374927893,771.3555197140117,166.21211777877767,17.728013546122,28.248179352002744,34.335112800319685
2019,Chile,Ambos,15-24,Indicadores principales por grupo etario,2719.952000001044,885.4824457074247,721.8971616666389,163.58528404078584,18.474141958861214,26.540805193119652,32.55507618175192
2020,Chile,Ambos,15-24,Indicadores principales por grupo etario,2703.243000000013,722.7517345157,550.4740425876987,172.27769192800136,23.83635814356652,20.363468714713996,26.736469289505106
2021,Chile,Ambos,15-24,Indicadores principales por grupo etario,2658.934000903597,706.7081823410924,566.3615670502628,140.34661529082953,19.859203388010485,21.3003243727672,26.578628205924957
2022,Chile,Ambos,15-24,Indicadores principales por grupo etario,2610.8330000000096,767.1897092777856,630.8235202237238,136.36618905406175,17.774767753654267,24.161772132638184,29.384863347360124
2023,Chile,Ambos,15-24,Indicadores principales por grupo etario,2575.2120000696314,769.2877391741281,604.280504801688,165.00723437244008,21.44935190954483,23.4652721711979,29.8727925760414
2024,Chile,Ambos,15-24,Indicadores principales por grupo etario,2553.410000000058,765.9848528228911,607.3021526148609,158.68270020803013,20.716166856725078,23.783965466370347,29.99850603008814
2025,Chile,Ambos,15-24,Indicadores principales por grupo etario,2542.575000002917,740.1120149239304,581.7585721953421,158.35344272858822,21.39587515612268,22.880684825213603,29.1087584406785
2010,Chile,Ambos,25-34,Indicadores principales por grupo etario,2597.726000000053,2046.186721912042,1850.6325209579218,195.55420095412015,9.55700664362567,71.24048190447661,78.76838134245105
2011,Chile,Ambos,25-34,Indicadores principales por grupo etario,2613.867000003573,2092.16313107732,1909.2918116692765,182.87131940804358,8.740777269785719,73.04471924802091,80.04091757822644
2012,Chile,Ambos,25-34,Indicadores principales por grupo etario,2639.6370000013526,2082.3642236472947,1919.8868956414824,162.47732800581235,7.80254127307425,72.73298925725388,78.88827985235196
2013,Chile,Ambos,25-34,Indicadores principales por grupo etario,2675.713000313867,2120.1723317209535,1964.3072336848745,155.86509803607865,7.351529670683055,73.41247859746008,79.23765857819028
2014,Chile,Ambos,25-34,Indicadores principales por grupo etario,2730.164000740468,2160.757056050564,1997.06518758874,163.69186846182404,7.57567205454464,73.1481767046632,79.14385566085149
2015,Chile,Ambos,25-34,Indicadores principales por grupo etario,2789.030000000059,2195.0593442861345,2019.1185075491378,175.9408367369965,8.015311166642514,72.39500857104784,78.70332496552881
2016,Chile,Ambos,25-34,Indicadores principales por grupo etario,2855.525000000245,2266.210907371212,2075.6754393499696,190.53546802124256,8.407667062297493,72.68980097704595,79.36232067206616
2017,Chile,Ambos,25-34,Indicadores principales por grupo etario,2937.826000162143,2358.7770689086155,2149.7717224384996,209.00534647011565,8.860750311042345,73.1755972722636,80.28988336199731
2018,Chile,Ambos,25-34,Indicadores principales por grupo etario,3034.0220001246785,2471.267548278785,2232.8874594557687,238.38008882301622,9.646065598564824,73.59496600103795,81.45186647220197
2019,Chile,Ambos,25-34,Indicadores principales por grupo etario,3143.1690000007748,2543.040801700859,2308.488159483459,234.55264221739964,9.223314154476958,73.44460827537081,80.9069064278832
2020,Chile,Ambos,25-34,Indicadores principales por grupo etario,3245.358000000009,2401.54945192989,2095.058198426315,306.4912535035749,12.76222953715477,64.55553434863917,73.99952337861905
2021,Chile,Ambos,25-34,Indicadores principales por grupo etario,3289.34900064092,2498.04479561942,2230.7606076976845,267.2841879217353,10.69973558482401,67.81769302263235,75.9434403321959
2022,Chile,Ambos,25-34,Indicadores principales por grupo etario,3291.181000000012,2604.084816824983,2361.548826596275,242.53599022870839,9.313674756739266,71.75384236224828,79.12311163758463
2023,Chile,Ambos,25-34,Indicadores principales por grupo etario,3265.518000080388,2656.382762840264,2386.114855822029,270.2679070182353,10.174283269676799,73.07002612643046,81.34644374261208
2024,Chile,Ambos,25-34,Indicadores principales por grupo etario,3213.8690000000497,2663.8739447252833,2408.0097410223484,255.86420370293516,9.604966639264967,74.92557229377772,82.88682409660262
2025,Chile,Ambos,25-34,Indicadores principales por grupo etario,3146.799000003315,2604.993506564659,2340.471294222147,264.522212342512,10.154428856575203,74.37625645043366,82.78232917202259
2010,Chile,Ambos,35-44,Indicadores principales por grupo etario,2459.4620000000946,1962.4004735702945,1835.439815665209,126.9606579050856,6.469660989945628,74.62769563689695,79.78982694468218
2011,Chile,Ambos,35-44,Indicadores principales por grupo etario,2475.1350000038924,1996.0027537217923,1889.4525996528364,106.55015406895598,5.338176706934904,76.33735532202748,80.64217724361109
2012,Chile,Ambos,35-44,Indicadores principales por grupo etario,2489.846000001328,2011.389572673195,1912.984243252197,98.40532942099789,4.892405268374458,76.83142825906408,80.78369395826577
2013,Chile,Ambos,35-44,Indicadores principales por grupo etario,2500.96000022171,2034.0146522633522,1941.6627391248473,92.35191313850478,4.540376001507171,77.63669706643526,81.32935561076695
2014,Chile,Ambos,35-44,Indicadores principales por grupo etario,2515.2910007043733,2054.4340291009107,1948.400966021765,106.0330630791458,5.161181209870703,77.46224852218458,81.6777871238594
2015,Chile,Ambos,35-44,Indicadores principales por grupo etario,2535.5660000000544,2085.1688825088936,1981.6562170461616,103.51266546273217,4.964234136190677,78.15439302491511,82.23682138460798
2016,Chile,Ambos,35-44,Indicadores principales por grupo etario,2564.8410000004164,2114.097290851158,1999.8259876102795,114.27130324087837,5.405205509481142,77.97075871798505,82.42605646318096
2017,Chile,Ambos,35-44,Indicadores principales por grupo etario,2610.12900014565,2143.981332583988,2027.6010652619332,116.38026732205502,5.428231372788595,77.6820251086743,82.14081880490772
2018,Chile,Ambos,35-44,Indicadores principales por grupo etario,2666.5220001224125,2207.5451714886126,2074.9803442543785,132.56482723423406,6.005078806375758,77.81598442312203,82.78743514537928
2019,Chile,Ambos,35-44,Indicadores principales por grupo etario,2725.2870000015873,2275.634178662707,2138.892811999917,136.74136666279014,6.008934473956056,78.48321340096184,83.50071675612078
2020,Chile,Ambos,35-44,Indicadores principales por grupo etario,2782.247000000019,2175.3360643432766,1974.2549242170664,201.08114012621027,9.24368162796564,70.95900990160303,78.18630281004029
2021,Chile,Ambos,35-44,Indicadores principales por grupo etario,2823.2770011671087,2252.614301821621,2086.8484992952185,165.7658025264028,7.358818702001183,73.91582541962904,79.78722246844421
2022,Chile,Ambos,35-44,Indicadores principales por grupo etario,2863.3980000000106,2371.5478555153677,2217.575268121184,153.97258739418368,6.492493374573859,77.44558276988303,82.82285087561559
2023,Chile,Ambos,35-44,Indicadores principales por grupo etario,2915.3800001001564,2442.1246106602493,2271.4351448967755,170.68946576347406,6.9893839576567185,77.91214678082245,83.76693983550521
2024,Chile,Ambos,35-44,Indicadores principales por grupo etario,2982.6680000000692,2528.229478726162,2353.675709643282,174.55376908288,6.904190088426157,78.9117565093811,84.7640259903584
2025,Chile,Ambos,35-44,Indicadores principales por grupo etario,3051.9820000041173,2611.4348584377544,2430.1610194753866,181.27383896236768,6.941541673025366,79.62566684443448,85.56521167012883
2010,Chile,Ambos,45-54,Indicadores principales por grupo etario,2201.1230000000323,1655.2402133357355,1565.1126366674193,90.12757666831617,5.444984718362169,71.10518751870734,75.19980543275916
2011,Chile,Ambos,45-54,Indicadores principales por grupo etario,2243.745000002227,1732.0486553828443,1660.200793854197,71.8478615286473,4.1481433737648885,73.99240082329094,77.19454106331716
2012,Chile,Ambos,45-54,Indicadores principales por grupo etario,2283.161000000774,1786.5553253767698,1716.1803356521411,70.37498972462865,3.939144157754372,75.16685576056877,78.24920473747423
2013,Chile,Ambos,45-54,Indicadores principales por grupo etario,2317.1510002121177,1824.0206161635429,1760.9939611018235,63.02665506171959,3.4553696654089014,75.99823925763224,78.71824563856941
2014,Chile,Ambos,45-54,Indicadores principales por grupo etario,2345.901000860567,1843.2272654390217,1772.520791069058,70.7064743699636,3.8360149991120416,75.55820942225733,78.57225282579508
2015,Chile,Ambos,45-54,Indicadores principales por grupo etario,2368.141000000064,1868.8205841579174,1793.191617634439,75.62896652347848,4.046882143989042,75.72148861213881,78.91508926866545
2016,Chile,Ambos,45-54,Indicadores principales por grupo etario,2385.700000000339,1874.8980965708708,1790.7678164912231,84.1302800796477,4.487192143056698,75.06257352101977,78.58901356292091
2017,Chile,Ambos,45-54,Indicadores principales por grupo etario,2404.4250000749207,1910.6951148291325,1826.4015024245714,84.29361240456112,4.411672576663244,75.96001132776699,79.46578141425064
2018,Chile,Ambos,45-54,Indicadores principales por grupo etario,2430.9310000865407,1936.3148753631901,1845.23517139634,91.07970396685025,4.703765132712035,75.906521877036,79.65322237835042
2019,Chile,Ambos,45-54,Indicadores principales por grupo etario,2462.005000001026,1963.3200711771713,1867.6074490265432,95.71262215062804,4.875039152084891,75.85717531141346,79.74476376678167
2020,Chile,Ambos,45-54,Indicadores principales por grupo etario,2495.9380000000137,1823.9264329616965,1677.7420065298988,146.18442643179773,8.014820323340732,67.21889752589564,73.0757908634624
2021,Chile,Ambos,45-54,Indicadores principales por grupo etario,2521.291000897811,1883.0565127152506,1750.0342916982945,133.02222101695622,7.064165101723178,69.41024622207914,74.68620290338201
2022,Chile,Ambos,45-54,Indicadores principales por grupo etario,2540.7880000000114,1965.7940099383304,1840.3710316404051,125.42297829792545,6.380270652155469,72.4330810614816,77.36946214868465
2023,Chile,Ambos,45-54,Indicadores principales por grupo etario,2558.467000075185,2027.3931371873039,1893.8071749634,133.58596222390386,6.589050725960028,74.02116872751328,79.24249705498355
2024,Chile,Ambos,45-54,Indicadores principales por grupo etario,2578.4450000000597,2069.1898965657892,1922.2835150933079,146.90638147248126,7.099705141432408,74.55204648899874,80.24952622862777
2025,Chile,Ambos,45-54,Indicadores principales por grupo etario,2603.8570000044156,2111.0281210988787,1966.1667586515048,144.8613624473739,6.862123768013449,75.5097825513525,81.07312041695451
2010,Chile,Ambos,55-64,Indicadores principales por grupo etario,1553.7550000000813,941.5602291448214,901.0870691351406,40.47316000968088,4.298520557356262,57.9941541063484,60.59901523372553
2011,Chile,Ambos,55-64,Indicadores principales por grupo etario,1617.99400000139,1010.399634751427,970.8392031234722,39.56043162795483,3.9153252106714462,60.00264544384207,62.44767500686399
2012,Chile,Ambos,55-64,Indicadores principales por grupo etario,1681.3480000008424,1100.7421870997784,1062.5542614618091,38.18792563796942,3.4692888203537,63.19656974411464,65.4678381334041
2013,Chile,Ambos,55-64,Indicadores principales por grupo etario,1743.113000130347,1140.4911399644623,1107.2514611843217,33.23967878014048,2.9145056559734632,63.521496374676985,65.4284111173044
2014,Chile,Ambos,55-64,Indicadores principales por grupo etario,1805.7280009920821,1196.3892714810288,1153.2686432868338,43.120628194195035,3.6042305980239475,63.867240395741675,66.25523173056642
2015,Chile,Ambos,55-64,Indicadores principales por grupo etario,1864.8360000000769,1238.8114469757672,1200.5062113542024,38.3052356215648,3.0920957111816305,64.37596718178719,66.43004784204703
2016,Chile,Ambos,55-64,Indicadores principales por grupo etario,1917.579000000438,1275.0786318477938,1224.1207768785102,50.95785496928367,3.996448038301572,63.836784658062605,66.49419042696559
2017,Chile,Ambos,55-64,Indicadores principales por grupo etario,1970.3400000445754,1346.5115615008006,1292.387874426035,54.12368707476556,4.019548633837214,65.59212493259017,68.33904612758906
2018,Chile,Ambos,55-64,Indicadores principales por grupo etario,2027.9570000495373,1396.1838080235532,1337.3671220669896,58.8166859565636,4.212674980081949,65.94652263506185,68.84681519329297
2019,Chile,Ambos,55-64,Indicadores principales por grupo etario,2082.4090000005663,1437.47131285265,1382.818490806251,54.65282204639897,3.802011320694873,66.40475001817006,69.02924991451049
2020,Chile,Ambos,55-64,Indicadores principales por grupo etario,2134.8700000000154,1291.9811917050058,1203.9850011753372,87.99619052966845,6.810949810619253,56.396174060965244,60.51802647022987
2021,Chile,Ambos,55-64,Indicadores principales por grupo etario,2181.148000812695,1330.4254017059664,1251.2687211873615,79.15668051860477,5.9497270885766635,57.3674377310086,60.99656700096694
2022,Chile,Ambos,55-64,Indicadores principales por grupo etario,2222.3760000000084,1411.2473517694243,1328.7873260034505,82.46002576597384,5.843059734538055,59.79129211274085,63.501736509457395
2023,Chile,Ambos,55-64,Indicadores principales por grupo etario,2259.317000068474,1479.690795006516,1381.960170357331,97.73062464918524,6.604800474463644,61.1671655777143,65.49283677154072
2024,Chile,Ambos,55-64,Indicadores principales por grupo etario,2290.7730000000256,1543.284807928354,1447.623404796008,95.66140313234605,6.198557948662646,63.193664531404536,67.36960877085319
2025,Chile,Ambos,55-64,Indicadores principales por grupo etario,2315.7170000017677,1574.5538255656256,1475.2427906749683,99.3110348906573,6.307249284093662,63.70565965849205,67.99422492318465
2010,Chile,Ambos,65-Más,Indicadores principales por grupo etario,1598.9840000000277,312.94051892871596,304.4351492755358,8.505369653180134,2.717886990887733,19.039286776823943,19.571210151490607
2011,Chile,Ambos,65-Más,Indicadores principales por grupo etario,1653.8220000010015,356.1328209803698,346.5082138698947,9.624607110475107,2.7025330279810467,20.95196543942969,21.53392692684909
2012,Chile,Ambos,65-Más,Indicadores principales por grupo etario,1712.716000000489,365.28074423399164,356.65518133015934,8.625562903832321,2.3613516562227974,20.823953377562745,21.32757236073508
2013,Chile,Ambos,65-Más,Indicadores principales por grupo etario,1774.3530000853443,388.9942364373191,381.3885798428276,7.605656594491456,1.9552106129256235,21.494515455745457,21.92315939492361
2014,Chile,Ambos,65-Más,Indicadores principales por grupo etario,1837.3140008714984,418.1550421820018,406.79758176445097,11.357460417550834,2.7160883576306376,22.140885094844624,22.759040750990692
2015,Chile,Ambos,65-Más,Indicadores principales por grupo etario,1906.3630000000842,451.4349350625824,439.33980754499333,12.09512751758902,2.6792626308179437,23.045968031533025,23.680428914249934
2016,Chile,Ambos,65-Más,Indicadores principales por grupo etario,1985.7180000002431,490.9760869880247,479.2612876110939,11.714799376930806,2.3860223924136936,24.135415381793145,24.725368203741148
2017,Chile,Ambos,65-Más,Indicadores principales por grupo etario,2070.7960000334183,515.5261991488127,502.55082054739233,12.975378601420324,2.5169193385019084,24.268485188269743,24.895074123211227
2018,Chile,Ambos,65-Más,Indicadores principales por grupo etario,2165.1950000493193,534.3263698965901,521.777666302226,12.548703594364238,2.3485091324975835,24.09841452110968,24.67797911432546
2019,Chile,Ambos,65-Más,Indicadores principales por grupo etario,2260.2220000009584,569.5133864793801,556.2058457558454,13.307540723534641,2.3366510848496898,24.608460839493183,25.19723223998079
2020,Chile,Ambos,65-Más,Indicadores principales por grupo etario,2358.616000000011,438.42862752150506,420.9499022836075,17.478725237897528,3.986675171442857,17.847326664603546,18.588385202233134
2021,Chile,Ambos,65-Más,Indicadores principales por grupo etario,2458.6990007053932,446.38751439126855,428.6844914038309,17.703022987437585,3.965841878794238,17.43541975983407,18.155435629298314
2022,Chile,Ambos,65-Más,Indicadores principales por grupo etario,2560.6210000000087,501.267111601002,483.59025108118215,17.676860519819822,3.526435329730994,18.885662934154663,19.57599783806351
2023,Chile,Ambos,65-Más,Indicadores principales por grupo etario,2664.128000104183,562.1137645925323,536.7909255681429,25.32283902438939,4.504931318083898,20.148841405035768,21.099352755218607
2024,Chile,Ambos,65-Más,Indicadores principales por grupo etario,2769.187000000056,588.7246197883924,559.6466313449686,29.07798844342377,4.939149385985486,20.209781114274957,21.259836182546735
2025,Chile,Ambos,65-Más,Indicadores principales por grupo etario,2876.2360000023687,627.9933938039204,597.6845268562539,30.308866947666484,4.826303468588697,20.780093387877823,21.833861818133254
